Metabolite,SUPER_PATHWAY,SUB_PATHWAY,COMP_ID,PLATFORM,RI,MASS,CAS,PUBCHEM,KEGG,HMDB,hmdb_from_equivalentid,hmdb_from_pubchem,hmdb_from_kegg,hmdb_combined,was_na,entry_count,id_label
hydrochlorothiazide,Xenobiotics,Drug,39625,LC/MS Neg,2041.6,296.1,58-93-5;,3639,340,192,192,NA,NA,192,FALSE,1,Single ID
2-hydroxybutyrate (AHB),Amino acid,"Cysteine, methionine, SAM, taurine metabolism",21044,GC/MS,1169.4,130.9,3347-90-8;,440864,C05984,HMDB00008,HMDB0000008,NA,NA,HMDB0000008,FALSE,1,Single ID
pyridoxate,Cofactors and vitamins,Vitamin B6 metabolism,31555,LC/MS Neg,2210,182.1,82-82-6 ;,6723,C00847,HMDB00017,HMDB0000017,NA,NA,HMDB0000017,FALSE,1,Single ID
4-hydroxyphenylacetate,Amino acid,Phenylalanine & tyrosine metabolism,541,GC/MS,1630.6,179,156-38-7;,4693933,C00642,HMDB00020,HMDB0000020,NA,NA,HMDB0000020,FALSE,1,Single ID
3-ureidopropionate,Amino acid,Alanine and aspartate metabolism,3155,LC/MS Pos,1062,133.1,462-88-4;,111,C02642,HMDB00026,"HMDB0000026,HMDB0062812",NA,NA,"HMDB0000026,HMDB0062812",FALSE,2,Multiple IDs
adenine,Nucleotide,"Purine metabolism, adenine containing",554,GC/MS,1804.2,264,73-24-5;,190,C00147,HMDB00034,HMDB0000034,NA,NA,HMDB0000034,FALSE,1,Single ID
betaine,Amino acid,"Glycine, serine and threonine metabolism",34426,LC/MS Neg,725,178.1,107-43-7;,247,NA,HMDB00043,"HMDB0000043,HMDB0059606",NA,NA,"HMDB0000043,HMDB0059606",FALSE,2,Multiple IDs
ascorbate (Vitamin C),Cofactors and vitamins,Ascorbate and aldarate metabolism,1640,GC/MS,1850.1,332.1,134-03-2;,NA,C00072,HMDB00044,"HMDB0000044,HMDB0014273,HMDB0029945",NA,NA,"HMDB0000044,HMDB0014273,HMDB0029945",FALSE,3,Multiple IDs
adenosine 5'-monophosphate (AMP),Nucleotide,"Purine metabolism, adenine containing",32342,LC/MS Pos,1210,348.1,149022-20-8;,15938965,C00020,HMDB00045,HMDB0000045,NA,NA,HMDB0000045,FALSE,1,Single ID
adenosine,Nucleotide,"Purine metabolism, adenine containing",555,LC/MS Pos,1650,268.1,58-61-7;,60961,C00212,HMDB00050,"HMDB0000050,HMDB0004401,HMDB0004402,HMDB0004421",NA,NA,"HMDB0000050,HMDB0004401,HMDB0004402,HMDB0004421",FALSE,4,Multiple IDs
argininosuccinate,Amino acid,"Urea cycle; arginine-, proline-, metabolism",15497,GC/MS,2157,446.3,156637-58-0;,828,C03406,HMDB00052,"HMDB0000052,HMDB0001006",NA,NA,"HMDB0000052,HMDB0001006",FALSE,2,Multiple IDs
"bilirubin (Z,Z)",Cofactors and vitamins,Hemoglobin and porphyrin metabolism,27716,LC/MS Neg,4812,583.2,635-65-4;,5280352,C00486,HMDB00054,"HMDB0000054,HMDB0000488,HMDB0240584",NA,NA,"HMDB0000054,HMDB0000488,HMDB0240584",FALSE,3,Multiple IDs
beta-alanine,Amino acid,Alanine and aspartate metabolism,55,GC/MS,1451.8,174,56-41-7;107-95-9;,2394755801,C00099,HMDB00056,HMDB0000056,NA,NA,HMDB0000056,FALSE,1,Single ID
cortisol,Lipid,Sterol/Steroid,1712,LC/MS Pos,4573,363.2,50-23-7;,NA,C00735,HMDB00063,"HMDB0000063,HMDB0014879",NA,NA,"HMDB0000063,HMDB0014879",FALSE,2,Multiple IDs
creatine,Amino acid,Creatine metabolism,27718,LC/MS Pos,758,132.1,57-00-1;,586,C00300,HMDB00064,HMDB0000064,NA,NA,HMDB0000064,FALSE,1,Single ID
cholesterol,Lipid,Sterol/Steroid,63,GC/MS,2316.9,329.3,57-88-5;,6432564,C00187,HMDB00067,"HMDB0000067,HMDB0000507,HMDB0062453",NA,NA,"HMDB0000067,HMDB0000507,HMDB0062453",FALSE,3,Multiple IDs
epinephrine,Amino acid,Phenylalanine & tyrosine metabolism,1578,LC/MS Pos,891,184,51-43-4;,5816,"D00095,C00788,D02149",HMDB00068,"HMDB0000068,HMDB0000615",NA,NA,"HMDB0000068,HMDB0000615",FALSE,2,Multiple IDs
pipecolate,Amino acid,Lysine metabolism,1444,LC/MS Pos,1120,130.1,4043-87-2;,849,C00408,HMDB00070,"HMDB0000070,HMDB0000716",NA,NA,"HMDB0000070,HMDB0000716",FALSE,2,Multiple IDs
2'-deoxyinosine,Nucleotide,"Purine metabolism, (hypo)xanthine/inosine containing",15076,LC/MS Neg,1700,251.1,890-38-0;,65058,C05512,HMDB00071,HMDB0000071,NA,NA,HMDB0000071,FALSE,1,Single ID
cis-aconitate,Energy,Krebs cycle,12025,LC/MS Neg,603,173.1,585-84-2;,643757,C00417,HMDB00072,"HMDB0000072,HMDB0000461",NA,NA,"HMDB0000072,HMDB0000461",FALSE,2,Multiple IDs
"5,6-dihydrouracil",Nucleotide,"Pyrimidine metabolism, uracil containing",1559,GC/MS,1505.2,243,504-07-4;,649,C00429,HMDB00076,HMDB0000076,NA,NA,HMDB0000076,FALSE,1,Single ID
cysteinylglycine,Peptide,Dipeptide,35637,LC/MS Neg,881,177,19246-18-5;,65270,C01419,HMDB00078,"HMDB0000078,HMDB0028775",NA,NA,"HMDB0000078,HMDB0028775",FALSE,2,Multiple IDs
2'-deoxyguanosine,Nucleotide,"Purine metabolism, guanine containing",1411,LC/MS Pos,1728,268,961-07-9;,187790,C00330,HMDB00085,HMDB0000085,NA,NA,HMDB0000085,FALSE,1,Single ID
glycerophosphorylcholine (GPC),Lipid,Glycerolipid metabolism,15990,LC/MS Pos,694,258.1,28319-77-9;,657272,C00670,HMDB00086,"HMDB0000086,HMDB0000049",NA,NA,"HMDB0000086,HMDB0000049",FALSE,2,Multiple IDs
cytidine,Nucleotide,"Pyrimidine metabolism, cytidine containing",514,LC/MS Pos,1065,244,65-46-3;,6175,C00475,HMDB00089,HMDB0000089,NA,NA,HMDB0000089,FALSE,1,Single ID
dimethylglycine,Amino acid,"Glycine, serine and threonine metabolism",5086,GC/MS,1030,57.9,1118-68-9;,6971056673,C01026,HMDB00092,HMDB0000092,NA,NA,HMDB0000092,FALSE,1,Single ID
citrate,Energy,Krebs cycle,1564,GC/MS,1763.4,273.1,77-92-9;,311,C00158,HMDB00094,HMDB0000094,NA,NA,HMDB0000094,FALSE,1,Single ID
cytidine 5'-monophosphate (5'-CMP),Nucleotide,"Pyrimidine metabolism, cytidine containing",2372,LC/MS Pos,887,324,63-37-6;,7058165,C00055,HMDB00095,HMDB0000095,NA,NA,HMDB0000095,FALSE,1,Single ID
xylose,Carbohydrate,"Nucleotide sugars, pentose metabolism",15835,GC/MS,1723.9,204,609-06-3;,95259,C00181,HMDB00098,"HMDB0000098,HMDB0003763,HMDB0060254",NA,NA,"HMDB0000098,HMDB0003763,HMDB0060254",FALSE,3,Multiple IDs
gamma-aminobutyrate (GABA),Amino acid,Glutamate metabolism,1416,GC/MS,1539.7,304.1,56-12-2;,6992099119,C00334,HMDB00112,HMDB0000112,NA,NA,HMDB0000112,FALSE,1,Single ID
glycerophosphoethanolamine,Lipid,Glycerolipid metabolism,37455,GC/MS,1906,357.1,33049-08-0;,123874,C01233,HMDB00114,HMDB0000114,NA,NA,HMDB0000114,FALSE,1,Single ID
glycolate (hydroxyacetate),Xenobiotics,Chemical,15737,GC/MS,1119,177,79-14-1;,3698251757,C00160,HMDB00115,"HMDB0000115,HMDB0003035",NA,NA,"HMDB0000115,HMDB0003035",FALSE,2,Multiple IDs
glucose,Carbohydrate,"Glycolysis, gluconeogenesis, pyruvate metabolism",20488,GC/MS,1866.8,217.1,50-99-7;,79025,C00031,HMDB00122,"HMDB0000122,HMDB0304632,HMDB0000516,HMDB0003340,HMDB0006564,HMDB0062170",NA,NA,"HMDB0000122,HMDB0304632,HMDB0000516,HMDB0003340,HMDB0006564,HMDB0062170",FALSE,6,Multiple IDs
glycine,Amino acid,"Glycine, serine and threonine metabolism",11777,GC/MS,1166,101.9,56-40-6;,5257127750,C00037,HMDB00123,HMDB0000123,NA,NA,HMDB0000123,FALSE,1,Single ID
fructose-6-phosphate,Carbohydrate,"Glycolysis, gluconeogenesis, pyruvate metabolism",12021,GC/MS,1994.9,315.1,103213-47-4;,NA,C05345,HMDB00124,HMDB0000124,NA,NA,HMDB0000124,FALSE,1,Single ID
"glutathione, reduced (GSH)",Amino acid,Glutathione metabolism,2127,LC/MS Pos,1274,308.1,70-18-8;,124886,C00051,HMDB00125,"HMDB0000125,HMDB0001463,HMDB0006960",NA,NA,"HMDB0000125,HMDB0001463,HMDB0006960",FALSE,3,Multiple IDs
glycerol 3-phosphate (G3P),Lipid,Glycerolipid metabolism,15365,GC/MS,1719.7,357.1,29849-82-9;,754,C00093,HMDB00126,"HMDB0000126,HMDB0002722",NA,NA,"HMDB0000126,HMDB0002722",FALSE,2,Multiple IDs
glucuronate,Carbohydrate,"Glycolysis, gluconeogenesis, pyruvate metabolism",15443,GC/MS,1886.5,217,207300-70-7;,65041,C00191,HMDB00127,HMDB0000127,NA,NA,HMDB0000127,FALSE,1,Single ID
guanidinoacetate,Amino acid,Guanidino and acetamido metabolism,12359,GC/MS,1696.6,172,352-97-6;,76339468484546992,C00581,HMDB00128,HMDB0000128,NA,NA,HMDB0000128,FALSE,1,Single ID
glycerol,Lipid,Glycerolipid metabolism,15122,GC/MS,1311,205,56-81-5;,753,C00116,HMDB00131,HMDB0000131,NA,NA,HMDB0000131,FALSE,1,Single ID
guanine,Nucleotide,"Purine metabolism, guanine containing",418,GC/MS,1942.3,352.1,73-40-5;,764,C00242,HMDB00132,HMDB0000132,NA,NA,HMDB0000132,FALSE,1,Single ID
guanosine,Nucleotide,"Purine metabolism, guanine containing",1573,LC/MS Neg,1675,282.1,118-00-3;,6802,C00387,HMDB00133,HMDB0000133,NA,NA,HMDB0000133,FALSE,1,Single ID
fumarate,Energy,Krebs cycle,1643,GC/MS,1382.1,245,100-17-8;,NA,C00122,HMDB00134,HMDB0000134,NA,NA,HMDB0000134,FALSE,1,Single ID
glycerate,Carbohydrate,"Glycolysis, gluconeogenesis, pyruvate metabolism",1572,GC/MS,1360.7,189,600-19-1;,752,C00258,HMDB00139,"HMDB0000139,HMDB0031818",NA,NA,"HMDB0000139,HMDB0031818",FALSE,2,Multiple IDs
galactose,Carbohydrate,"Fructose, mannose, galactose, starch, and sucrose metabolism",12055,GC/MS,1793.8,203.9,59-23-4;,3037556,C01582,HMDB00143,"HMDB0000143,HMDB0005762",NA,NA,"HMDB0000143,HMDB0005762",FALSE,2,Multiple IDs
ethanolamine,Lipid,Glycerolipid metabolism,1497,GC/MS,1304,174.1,141-43-5;,NA,C00189,HMDB00149,"HMDB0000149,HMDB0060149,HMDB0062693",NA,NA,"HMDB0000149,HMDB0060149,HMDB0062693",FALSE,3,Multiple IDs
malate,Energy,Krebs cycle,1303,GC/MS,1502,233,6915-15-7;,525,C00149,HMDB00156,"HMDB0000156,HMDB0000744",NA,NA,"HMDB0000156,HMDB0000744",FALSE,2,Multiple IDs
hypoxanthine,Nucleotide,"Purine metabolism, (hypo)xanthine/inosine containing",3127,LC/MS Neg,1313,135.1,68-94-0;,790,C00262,HMDB00157,HMDB0000157,NA,NA,HMDB0000157,FALSE,1,Single ID
tyrosine,Amino acid,Phenylalanine & tyrosine metabolism,1299,LC/MS Pos,1516,182.1,60-18-4;,60576942100,C00082,HMDB00158,"HMDB0000158,HMDB0000647",NA,NA,"HMDB0000158,HMDB0000647",FALSE,2,Multiple IDs
phenylalanine,Amino acid,Phenylalanine & tyrosine metabolism,64,LC/MS Pos,2056,166.1,63-91-2;,69256656140,C00079,HMDB00159,"HMDB0000159,HMDB0000612",NA,NA,"HMDB0000159,HMDB0000612",FALSE,2,Multiple IDs
alanine,Amino acid,Alanine and aspartate metabolism,1126,GC/MS,1147.6,115.9,56-41-7;,59507311724,C00041,HMDB00161,HMDB0000161,NA,NA,HMDB0000161,FALSE,1,Single ID
proline,Amino acid,"Urea cycle; arginine-, proline-, metabolism",1898,LC/MS Pos,796,116.1,147-85-3;,1457430000000,C00148,HMDB00162,HMDB0000162,NA,NA,HMDB0000162,FALSE,1,Single ID
maltose,Carbohydrate,"Fructose, mannose, galactose, starch, and sucrose metabolism",15804,GC/MS,2176.2,204.1,6363-53-7;,439341,C00208,HMDB00163,HMDB0000163,NA,NA,HMDB0000163,FALSE,1,Single ID
threonine,Amino acid,"Glycine, serine and threonine metabolism",1284,GC/MS,1412.3,218.1,72-19-5;,69710196288,C00188,HMDB00167,HMDB0000167,NA,NA,HMDB0000167,FALSE,1,Single ID
asparagine,Amino acid,Alanine and aspartate metabolism,11398,GC/MS,1651.2,231,70-47-3;,62676992089,C00152,HMDB00168,HMDB0000168,NA,NA,HMDB0000168,FALSE,1,Single ID
mannose,Carbohydrate,"Fructose, mannose, galactose, starch, and sucrose metabolism",584,GC/MS,1753.5,203.9,3458-28-4;,161658,C00159,HMDB00169,HMDB0000169,NA,NA,HMDB0000169,FALSE,1,Single ID
isoleucine,Amino acid,"Valine, leucine and isoleucine metabolism",1125,LC/MS Pos,1614,132.1,73-32-5;,791,C00407,HMDB00172,HMDB0000172,NA,NA,HMDB0000172,FALSE,1,Single ID
fucose,Carbohydrate,Aminosugars metabolism,15821,GC/MS,1682.2,204,2438-80-4;,3034656,NA,HMDB00174,"HMDB0000174,HMDB0059624",NA,NA,"HMDB0000174,HMDB0059624",FALSE,2,Multiple IDs
histidine,Amino acid,Histidine metabolism,59,LC/MS Neg,757,154.1,5934-29-2;,7733651426,C00135,HMDB00177,"HMDB0000177,HMDB0003412",NA,NA,"HMDB0000177,HMDB0003412",FALSE,2,Multiple IDs
lysine,Amino acid,Lysine metabolism,1301,LC/MS Pos,603,147.2,56-87-1;,5962,C00047,HMDB00182,"HMDB0000182,HMDB0062809",NA,NA,"HMDB0000182,HMDB0062809",FALSE,2,Multiple IDs
lactate,Carbohydrate,"Glycolysis, gluconeogenesis, pyruvate metabolism",527,GC/MS,1102.8,116.9,79-33-4;,612,C00186,HMDB00190,"HMDB0000190,HMDB0003328,HMDB0062492",NA,NA,"HMDB0000190,HMDB0003328,HMDB0062492",FALSE,3,Multiple IDs
aspartate,Amino acid,Alanine and aspartate metabolism,15996,GC/MS,1529.7,232,56-84-8;,5960,C00049,HMDB00191,HMDB0000191,NA,NA,HMDB0000191,FALSE,1,Single ID
cystine,Amino acid,"Cysteine, methionine, SAM, taurine metabolism",39512,GC/MS,2015.3,145.9,56-89-3;,595,C00491,HMDB00192,HMDB0000192,NA,NA,HMDB0000192,FALSE,1,Single ID
anserine,Peptide,Dipeptide derivative,15747,LC/MS Neg,1126,239.2,10030-52-1;,6992110000000,C01262,HMDB00194,HMDB0000194,NA,NA,HMDB0000194,FALSE,1,Single ID
indoleacetate,Amino acid,Tryptophan metabolism,27513,GC/MS,1862,202,6505-45-9;,802,C00954,HMDB00197,"HMDB0000197,HMDB0302181",NA,NA,"HMDB0000197,HMDB0302181",FALSE,2,Multiple IDs
acetylcarnitine,Lipid,Carnitine metabolism,32198,LC/MS Pos,1203,204.2,5080-50-2;,7045767,C02571,HMDB00201,"HMDB0000201,HMDB0240773,HMDB0000456,HMDB0000515",NA,NA,"HMDB0000201,HMDB0240773,HMDB0000456,HMDB0000515",FALSE,4,Multiple IDs
N6-acetyllysine,Amino acid,Lysine metabolism,36752,LC/MS Pos,1134,189.1,692-04-6;,699198000000,C02727,HMDB00206,HMDB0000206,NA,NA,HMDB0000206,FALSE,1,Single ID
oleate (18:1n9),Lipid,Long chain fatty acid,1359,GC/MS,1984.4,339.2,112-80-1;,445639,C00712,HMDB00207,"HMDB0000207,HMDB0002066",NA,NA,"HMDB0000207,HMDB0002066",FALSE,2,Multiple IDs
pantothenate,Cofactors and vitamins,Pantothenate and CoA metabolism,1508,LC/MS Pos,2218,220.1,137-08-6;,6613,C00864,HMDB00210,"HMDB0000210,HMDB0250782,HMDB0062717",NA,NA,"HMDB0000210,HMDB0250782,HMDB0062717",FALSE,3,Multiple IDs
myo-inositol,Lipid,Inositol metabolism,19934,GC/MS,1924.9,217,87-89-8;,NA,C00137,HMDB00211,"HMDB0000211,HMDB0002256",NA,NA,"HMDB0000211,HMDB0002256",FALSE,2,Multiple IDs
inositol 1-phosphate (I1P),Lipid,Inositol metabolism,1481,GC/MS,2057.8,318.1,106032-59-1;,NA,NA,HMDB00213,HMDB0000213,NA,NA,HMDB0000213,FALSE,1,Single ID
N-acetylglucosamine,Carbohydrate,Aminosugars metabolism,15095,GC/MS,1903.3,245,7512-17-6;,24139,C00140,HMDB00215,"HMDB0000215,HMDB0000533,HMDB0014288",NA,NA,"HMDB0000215,HMDB0000533,HMDB0014288",FALSE,3,Multiple IDs
palmitate (16:0),Lipid,Long chain fatty acid,1336,LC/MS Neg,5619,255.3,57-10-3;,985,C00249,HMDB00220,"HMDB0000220,HMDB0060083",NA,NA,"HMDB0000220,HMDB0060083",FALSE,2,Multiple IDs
phosphoethanolamine,Lipid,Glycerolipid metabolism,1600,LC/MS Neg,644,140.1,1071-23-4;,52323241015,C00346,HMDB00224,"HMDB0000224,HMDB0012279,HMDB0060151,HMDB0060152",NA,NA,"HMDB0000224,HMDB0012279,HMDB0060151,HMDB0060152",FALSE,4,Multiple IDs
nicotinamide ribonucleotide (NMN),Cofactors and vitamins,Nicotinate and nicotinamide metabolism,22152,LC/MS Pos,886,335.1,1094-61-7;,14180,C00455,HMDB00229,"HMDB0000229,HMDB0059645",NA,NA,"HMDB0000229,HMDB0059645",FALSE,2,Multiple IDs
N-acetylneuraminate,Carbohydrate,Aminosugars metabolism,32377,LC/MS Neg,695,308.1,131-48-6;,NA,C00270,HMDB00230,"HMDB0000230,HMDB0000800",NA,NA,"HMDB0000230,HMDB0000800",FALSE,2,Multiple IDs
quinolinate,Cofactors and vitamins,Nicotinate and nicotinamide metabolism,1899,GC/MS,1697.7,296.1,89-00-9;,1066,C03722,HMDB00232,"HMDB0000232,HMDB0001011",NA,NA,"HMDB0000232,HMDB0001011",FALSE,2,Multiple IDs
testosterone,Lipid,Sterol/Steroid,19464,LC/MS Pos,5119,289.2,NA,6013,C00535,HMDB00234,"HMDB0000234,HMDB0000628",NA,NA,"HMDB0000234,HMDB0000628",FALSE,2,Multiple IDs
riboflavin (Vitamin B2),Cofactors and vitamins,Riboflavin metabolism,1827,LC/MS Pos,3111,377.2,83-88-5;,493570,C00255,HMDB00244,HMDB0000244,NA,NA,HMDB0000244,FALSE,1,Single ID
sorbitol,Carbohydrate,"Fructose, mannose, galactose, starch, and sucrose metabolism",15053,GC/MS,1843,319.1,6706-59-8;,107428,C00794,HMDB00247,HMDB0000247,NA,NA,HMDB0000247,FALSE,1,Single ID
pyrophosphate (PPi),Energy,Oxidative phosphorylation,2078,GC/MS,1642.3,451,1466-09-3;,644102,C00013,HMDB00250,"HMDB0000250,HMDB0304340",NA,NA,"HMDB0000250,HMDB0304340",FALSE,2,Multiple IDs
taurine,Amino acid,"Cysteine, methionine, SAM, taurine metabolism",2125,GC/MS,1616.4,254.1,107-35-7;,11234068592,C00245,HMDB00251,HMDB0000251,NA,NA,HMDB0000251,FALSE,1,Single ID
sphingosine,Lipid,Sphingolipid,17747,LC/MS Pos,5197,300.2,123-78-4;,5353955,C00319,HMDB00252,"HMDB0000252,HMDB0062807",NA,NA,"HMDB0000252,HMDB0062807",FALSE,2,Multiple IDs
succinate,Energy,Krebs cycle,1437,GC/MS,1348,247,110-15-6;,1110,C00042,HMDB00254,HMDB0000254,NA,NA,HMDB0000254,FALSE,1,Single ID
squalene,Lipid,Sterol/Steroid,1518,GC/MS,2205,69,111-02-4;,638072,C00751,HMDB00256,HMDB0000256,NA,NA,HMDB0000256,FALSE,1,Single ID
thymine,Nucleotide,"Pyrimidine metabolism, thymine containing",604,GC/MS,1429.1,255,65-71-4;,1135,C00178,HMDB00262,HMDB0000262,NA,NA,HMDB0000262,FALSE,1,Single ID
phosphoenolpyruvate (PEP),Carbohydrate,"Glycolysis, gluconeogenesis, pyruvate metabolism",597,GC/MS,1595.4,369,10526-80-4;,1005,C00074,HMDB00263,HMDB0000263,NA,NA,HMDB0000263,FALSE,1,Single ID
5-oxoproline,Amino acid,Glutathione metabolism,1494,LC/MS Neg,744,128.2,98-79-3;,7405,C01879,HMDB00267,"HMDB0000267,HMDB0000805,HMDB0060262",NA,NA,"HMDB0000267,HMDB0000805,HMDB0060262",FALSE,3,Multiple IDs
sphinganine,Lipid,Sphingolipid,17769,LC/MS Pos,5175,302.3,3102-56-5;,3126,C00836,HMDB00269,HMDB0000269,NA,NA,HMDB0000269,FALSE,1,Single ID
sarcosine (N-Methylglycine),Amino acid,"Glycine, serine and threonine metabolism",1516,GC/MS,1182.9,116,107-97-1;,10887311726,C00213,HMDB00271,HMDB0000271,NA,NA,HMDB0000271,FALSE,1,Single ID
thymidine,Nucleotide,"Pyrimidine metabolism, thymine containing",39539,LC/MS Neg,1935,284.8,50-89-5;,5789,C00214,HMDB00273,HMDB0000273,NA,NA,HMDB0000273,FALSE,1,Single ID
saccharopine,Amino acid,Lysine metabolism,1495,GC/MS,2082.1,357.2,997-68-2;,160556,C00449,HMDB00279,"HMDB0000279,HMDB0062698",NA,NA,"HMDB0000279,HMDB0062698",FALSE,2,Multiple IDs
ribose,Carbohydrate,"Nucleotide sugars, pentose metabolism",12080,GC/MS,1639.2,204,50-69-1;,5311110,C00121,HMDB00283,"HMDB0000283,HMDB0012194",NA,NA,"HMDB0000283,HMDB0012194",FALSE,2,Multiple IDs
urate,Nucleotide,"Purine metabolism, urate metabolism",1604,LC/MS Neg,769,167.1,69-93-2;120K5305;,NA,C00366,HMDB00289,HMDB0000289,NA,NA,HMDB0000289,FALSE,1,Single ID
vanillylmandelate (VMA),Amino acid,Phenylalanine & tyrosine metabolism,1567,GC/MS,1806.8,297.1,55-10-7;,1245,C05584,HMDB00291,"HMDB0000291,HMDB0133489,HMDB0304531",NA,NA,"HMDB0000291,HMDB0133489,HMDB0304531",FALSE,3,Multiple IDs
xanthine,Nucleotide,"Purine metabolism, (hypo)xanthine/inosine containing",3147,LC/MS Pos,1430,153.1,69-89-6;,1188,C00385,HMDB00292,HMDB0000292,NA,NA,HMDB0000292,FALSE,1,Single ID
urea,Amino acid,"Urea cycle; arginine-, proline-, metabolism",1670,GC/MS,1223.9,171,57-13-6;,117616000000,C00086,HMDB00294,HMDB0000294,NA,NA,HMDB0000294,FALSE,1,Single ID
uridine,Nucleotide,"Pyrimidine metabolism, uracil containing",606,LC/MS Neg,1430,243.1,58-96-8;,6029,C00299,HMDB00296,HMDB0000296,NA,NA,HMDB0000296,FALSE,1,Single ID
xanthosine,Nucleotide,"Purine metabolism, (hypo)xanthine/inosine containing",15136,LC/MS Pos,1785,285,146-80-5;,64959,C01762,HMDB00299,HMDB0000299,NA,NA,HMDB0000299,FALSE,1,Single ID
uracil,Nucleotide,"Pyrimidine metabolism, uracil containing",605,GC/MS,1370.4,241,66-22-8;,1174,C00106,HMDB00300,HMDB0000300,NA,NA,HMDB0000300,FALSE,1,Single ID
trans-urocanate,Amino acid,Histidine metabolism,607,LC/MS Pos,1119,139.1,104-98-3;,736715,C00785,HMDB00301,"HMDB0000301,HMDB0002280,HMDB0034174",NA,NA,"HMDB0000301,HMDB0002280,HMDB0034174",FALSE,3,Multiple IDs
"3,4-dihydroxyphenethyleneglycol",Amino acid,Phenylalanine & tyrosine metabolism,1555,GC/MS,1807.7,355.2,28822-73-3;,91528,C05576,HMDB00318,"HMDB0000318,HMDB0005870",NA,NA,"HMDB0000318,HMDB0005870",FALSE,2,Multiple IDs
3-hydroxybutyrate (BHBA),Lipid,Ketone bodies,542,GC/MS,1203.5,116.9,625-72-9;,441,C01089,HMDB00357,"HMDB0000011,HMDB0000357",NA,NA,"HMDB0000011,HMDB0000357",FALSE,2,Multiple IDs
2-methylbutyroylcarnitine,Amino acid,"Valine, leucine and isoleucine metabolism",35431,LC/MS Pos,2439,246.1,31023-25-3;,6426901,NA,HMDB00378,"HMDB0000378,HMDB0001963",NA,NA,"HMDB0000378,HMDB0001963",FALSE,2,Multiple IDs
2-isopropylmalate,Carbohydrate,"Glycolysis, gluconeogenesis, pyruvate metabolism",15667,LC/MS Neg,732,175.2,3237-44-3;,77,C02504,HMDB00402,HMDB0000402,NA,NA,HMDB0000402,FALSE,1,Single ID
alpha-hydroxyisovalerate,Amino acid,"Valine, leucine and isoleucine metabolism",33937,LC/MS Neg,1142,117.1,600-37-3;,99823,NA,HMDB00407,"HMDB0000407,HMDB0062584",NA,NA,"HMDB0000407,HMDB0062584",FALSE,2,Multiple IDs
citramalate,Amino acid,"Valine, leucine and isoleucine metabolism",22158,GC/MS,1490.7,247,6236-10-8;,1081,C00815,HMDB00426,HMDB0000426,NA,NA,HMDB0000426,FALSE,1,Single ID
N2-acetyllysine,Amino acid,Lysine metabolism,36751,LC/MS Pos,853,189.1,1946-82-3;,699270000000,C12989,HMDB00446,HMDB0000446,NA,NA,HMDB0000446,FALSE,1,Single ID
adipate,Lipid,"Fatty acid, dicarboxylate",21134,GC/MS,1520,110.9,124-04-9;,196,C06104,HMDB00448,"HMDB0000448,HMDB0004862",NA,NA,"HMDB0000448,HMDB0004862",FALSE,2,Multiple IDs
3-methylhistidine,Amino acid,Histidine metabolism,15677,LC/MS Neg,911,168.1,368-16-1;,649697000000,C01152,HMDB00479,"HMDB0000001,HMDB0000479,HMDB0004935,HMDB0006703,HMDB0006704",NA,NA,"HMDB0000001,HMDB0000479,HMDB0004935,HMDB0006703,HMDB0006704",FALSE,5,Multiple IDs
caprylate (8:0),Lipid,Medium chain fatty acid,32492,LC/MS Neg,4367,143.2,124-07-2;,379,C06423,HMDB00482,"HMDB0000482,HMDB0062511,HMDB0304443",NA,NA,"HMDB0000482,HMDB0062511,HMDB0304443",FALSE,3,Multiple IDs
ribitol,Carbohydrate,"Nucleotide sugars, pentose metabolism",15772,GC/MS,1692.4,217,488-81-3;,NA,C00474,HMDB00508,HMDB0000508,NA,NA,HMDB0000508,FALSE,1,Single ID
2-aminoadipate,Amino acid,Lysine metabolism,6146,GC/MS,1686.5,260.1,542-32-5;1118-90-7;,469,C00956,HMDB00510,"HMDB0000510,HMDB0302754",NA,NA,"HMDB0000510,HMDB0302754",FALSE,2,Multiple IDs
caprate (10:0),Lipid,Medium chain fatty acid,1642,LC/MS Neg,5092,171.2,112-37-8;,2969,C01571,HMDB00511,HMDB0000511,NA,NA,HMDB0000511,FALSE,1,Single ID
N-acetylphenylalanine,Amino acid,Phenylalanine & tyrosine metabolism,33950,LC/MS Neg,2590,206.2,2018-61-3;,74839,C03519,HMDB00512,HMDB0000512,NA,NA,HMDB0000512,FALSE,1,Single ID
arginine,Amino acid,"Urea cycle; arginine-, proline-, metabolism",1638,LC/MS Neg,728,173.2,1119-34-2;,5246487232,C00062,HMDB00517,"HMDB0000517,HMDB0062762",NA,NA,"HMDB0000517,HMDB0062762",FALSE,2,Multiple IDs
N-acetylglycine,Amino acid,"Glycine, serine and threonine metabolism",27710,GC/MS,1396.4,143.9,543-24-8;,10972,NA,HMDB00532,HMDB0000532,NA,NA,HMDB0000532,FALSE,1,Single ID
caproate (6:0),Lipid,Medium chain fatty acid,32489,LC/MS Neg,2766,115.2,142-62-1;,8892,C01585,HMDB00535,"HMDB0000535,HMDB0061883",NA,NA,"HMDB0000535,HMDB0061883",FALSE,2,Multiple IDs
adenylosuccinate,Nucleotide,"Purine metabolism, adenine containing",18360,LC/MS Neg,569,462.1,19046-78-7;,195,C03794,HMDB00536,"HMDB0000536,HMDB0001332,HMDB0011633,HMDB0059653",NA,NA,"HMDB0000536,HMDB0001332,HMDB0011633,HMDB0059653",FALSE,4,Multiple IDs
arabonate,Cofactors and vitamins,Ascorbate and aldarate metabolism,37516,GC/MS,1736,292.1,7643-75-7;,122045,NA,HMDB00539,HMDB0000539,NA,NA,HMDB0000539,FALSE,1,Single ID
methylglutaroylcarnitine,Amino acid,"Valine, leucine and isoleucine metabolism",37060,LC/MS Pos,1900,290.1,NA,128145,NA,HMDB00552,HMDB0000552,NA,NA,HMDB0000552,FALSE,1,Single ID
creatinine,Amino acid,Creatine metabolism,513,LC/MS Pos,730,114.1,60-27-5;,588,C00791,HMDB00562,HMDB0000562,NA,NA,HMDB0000562,FALSE,1,Single ID
xylitol,Carbohydrate,"Nucleotide sugars, pentose metabolism",41319,GC/MS,1677.6,217,87-99-0;,6912,C00379,HMDB00568,HMDB0000568,NA,NA,HMDB0000568,FALSE,1,Single ID
cysteine,Amino acid,"Cysteine, methionine, SAM, taurine metabolism",31453,GC/MS,1560.1,218,52-90-4;56-89-3;,58626419722,C00097,HMDB00574,HMDB0000574,NA,NA,HMDB0000574,FALSE,1,Single ID
gamma-glutamylphenylalanine,Peptide,gamma-glutamyl,33422,LC/MS Pos,2846,295.1,7432-24-8;,111299,NA,HMDB00594,"HMDB0000594,HMDB0029562",NA,NA,"HMDB0000594,HMDB0029562",FALSE,2,Multiple IDs
2-hydroxyglutarate,Lipid,"Fatty acid, dicarboxylate",37253,GC/MS,1576,247,40951-21-1;,43,C02630,HMDB00606,"HMDB0000606,HMDB0002323",NA,NA,"HMDB0000606,HMDB0002323",FALSE,2,Multiple IDs
erythronate*,Carbohydrate,Aminosugars metabolism,33477,GC/MS,1546.9,292.1,88759-55-1;,2781043,NA,HMDB00613,HMDB0000613,NA,NA,HMDB0000613,FALSE,1,Single ID
cholate,Lipid,Bile acid metabolism,22842,LC/MS Neg,5148,407.4,81-25-4;,NA,C00695,HMDB00619,"HMDB0000505,HMDB0000619",NA,NA,"HMDB0000505,HMDB0000619",FALSE,2,Multiple IDs
ribulose,Carbohydrate,"Nucleotide sugars, pentose metabolism",35855,GC/MS,1662,306.1,488-84-6;,79021,C00309,"HMDB00621,HMDB03371","HMDB00621,HMDB03371",NA,NA,"HMDB00621,HMDB03371",FALSE,2,Multiple IDs
dodecanedioate,Lipid,"Fatty acid, dicarboxylate",32388,LC/MS Neg,2990,229.2,693-23-2 ;,12736,C02678,HMDB00623,HMDB0000623,NA,NA,HMDB0000623,FALSE,1,Single ID
gluconate,Carbohydrate,"Nucleotide sugars, pentose metabolism",587,GC/MS,1879.4,333,527-07-1;,10690,C00257,HMDB00625,"HMDB0000625,HMDB0003373",NA,NA,"HMDB0000625,HMDB0003373",FALSE,2,Multiple IDs
laurate (12:0),Lipid,Medium chain fatty acid,1645,LC/MS Neg,5288,199.3,143-07-7;,3893,C02679,HMDB00638,HMDB0000638,NA,NA,HMDB0000638,FALSE,1,Single ID
glutamine,Amino acid,Glutamate metabolism,53,LC/MS Pos,684,147.2,56-85-9;,5961,C00064,HMDB00641,HMDB0000641,NA,NA,HMDB0000641,FALSE,1,Single ID
2-aminobutyrate,Amino acid,Butanoate metabolism,1577,GC/MS,1215.7,130,1492-24-6;,4396920000000,C02261,HMDB00650,HMDB0000650,NA,NA,HMDB0000650,FALSE,1,Single ID
xylulose,Carbohydrate,"Nucleotide sugars, pentose metabolism",18344,GC/MS,1668,306.1,551-84-8;,5289590,C00310,HMDB00654,"HMDB0001644,HMDB0000654",NA,NA,"HMDB0001644,HMDB0000654",FALSE,2,Multiple IDs
cysteine-glutathione disulfide,Amino acid,Glutathione metabolism,35159,LC/MS Pos,821,427.1,13081-14-6;,4247235,NA,HMDB00656,"HMDB0000656,HMDB0003337",NA,NA,"HMDB0000656,HMDB0003337",FALSE,2,Multiple IDs
fructose,Carbohydrate,"Fructose, mannose, galactose, starch, and sucrose metabolism",577,GC/MS,1758,217,57-48-7;,5984,C00095,HMDB00660,HMDB0000660,NA,NA,HMDB0000660,FALSE,1,Single ID
glutarate (pentanedioate),Amino acid,Lysine metabolism,396,GC/MS,1433.6,261,110-94-1;,4418048,C00489,HMDB00661,HMDB0000661,NA,NA,HMDB0000661,FALSE,1,Single ID
glucarate (saccharate),Cofactors and vitamins,Ascorbate and aldarate metabolism,1476,GC/MS,1885.8,333.1,5793-88-4;,33037,C00818,HMDB00663,"HMDB0000663,HMDB0029881",NA,NA,"HMDB0000663,HMDB0029881",FALSE,2,Multiple IDs
indolelactate,Amino acid,Tryptophan metabolism,18349,GC/MS,1964.9,202,832-97-3;,92904,C02043,HMDB00671,HMDB00671,NA,NA,HMDB00671,FALSE,1,Single ID
linoleate (18:2n6),Lipid,Essential fatty acid,1105,LC/MS Neg,5533,279.3,60-33-3;,5280450,C01595,HMDB00673,HMDB0000673,NA,NA,HMDB0000673,FALSE,1,Single ID
3-indoxyl sulfate,Amino acid,Tryptophan metabolism,27672,LC/MS Neg,2258,212,2642-37-7;,10258,NA,HMDB00682,"HMDB0000682,HMDB0003309",NA,NA,"HMDB0000682,HMDB0003309",FALSE,2,Multiple IDs
kynurenine,Amino acid,Tryptophan metabolism,15140,LC/MS Pos,1902,209.1,2922-83-0;,1611670000000,C00328,HMDB00684,"HMDB0000684,HMDB0000183",NA,NA,"HMDB0000684,HMDB0000183",FALSE,2,Multiple IDs
leucine,Amino acid,"Valine, leucine and isoleucine metabolism",60,LC/MS Pos,1674,132.2,61-90-5;,70457986106,C00123,HMDB00687,HMDB0000687,NA,NA,HMDB0000687,FALSE,1,Single ID
isovalerylcarnitine,Amino acid,"Valine, leucine and isoleucine metabolism",34407,LC/MS Pos,2533,246.2,NA,6426851,NA,HMDB00688,HMDB0000688,NA,NA,HMDB0000688,FALSE,1,Single ID
4-methyl-2-oxopentanoate,Amino acid,"Valine, leucine and isoleucine metabolism",22116,LC/MS Neg,2200,129.2,816-66-0;,70,C00233,HMDB00695,"HMDB0000695,HMDB0000762",NA,NA,"HMDB0000695,HMDB0000762",FALSE,2,Multiple IDs
methionine,Amino acid,"Cysteine, methionine, SAM, taurine metabolism",1302,LC/MS Pos,1252,150.1,63-68-3;,69920876137,C00073,HMDB00696,HMDB0000696,NA,NA,HMDB0000696,FALSE,1,Single ID
hexanoylcarnitine,Lipid,Carnitine metabolism,32328,LC/MS Pos,3174,260.2,6920-35-0;,6426853,C01585,HMDB00705,"HMDB0000756,HMDB0000705",NA,NA,"HMDB0000756,HMDB0000705",FALSE,2,Multiple IDs
aspartylphenylalanine,Peptide,Dipeptide,22175,LC/MS Pos,2538,281.1,13433-09-5;,93078,NA,HMDB00706,"HMDB0000706,HMDB0006113,HMDB0028760",NA,NA,"HMDB0000706,HMDB0006113,HMDB0028760",FALSE,3,Multiple IDs
4-hydroxybutyrate (GHB),Lipid,"Fatty acid, monohydroxy",34585,GC/MS,1277,233.1,502-85-2;,10413,C00989,HMDB00710,"HMDB0000710,HMDB0015507",NA,NA,"HMDB0000710,HMDB0015507",FALSE,2,Multiple IDs
hippurate,Xenobiotics,Benzoate metabolism,15753,LC/MS Neg,2136,178.1,495-69-2;,464,C01586,HMDB00714,"HMDB0000714,HMDB0011723,HMDB0062583",NA,NA,"HMDB0000714,HMDB0011723,HMDB0062583",FALSE,3,Multiple IDs
homoserine,Amino acid,"Glycine, serine and threonine metabolism",23642,GC/MS,1471,218.1,672-15-1;,126477000000,C00263,HMDB00719,HMDB0000719,NA,NA,HMDB0000719,FALSE,1,Single ID
glycylproline,Peptide,Dipeptide,22171,LC/MS Pos,1115,173.1,704-15-4;,30136300000000,NA,HMDB00721,HMDB0000721,NA,NA,HMDB0000721,FALSE,1,Single ID
trans-4-hydroxyproline,Amino acid,"Urea cycle; arginine-, proline-, metabolism",1366,GC/MS,1537,140,51-35-4;,58106971053,C01157,HMDB00725,"HMDB0000725,HMDB0006055,HMDB0036576",NA,NA,"HMDB0000725,HMDB0006055,HMDB0036576",FALSE,3,Multiple IDs
2-hydroxyisobutyrate,Xenobiotics,Chemical,22030,GC/MS,1107.5,130.9,594-61-6;,11671,NA,HMDB00729,"HMDB0000729,HMDB0242161",NA,NA,"HMDB0000729,HMDB0242161",FALSE,2,Multiple IDs
homocysteine,Amino acid,"Cysteine, methionine, SAM, taurine metabolism",40266,GC/MS,1648.2,234,454-29-5;,778,C00155,HMDB00742,"HMDB0000742,HMDB0000165",NA,NA,"HMDB0000742,HMDB0000165",FALSE,2,Multiple IDs
3-(4-hydroxyphenyl)lactate,Amino acid,Phenylalanine & tyrosine metabolism,32197,LC/MS Neg,1395,181.1,6482-98-0;,9378,C03672,HMDB00755,HMDB0000755,NA,NA,HMDB0000755,FALSE,1,Single ID
glycylleucine,Peptide,Dipeptide,34398,LC/MS Pos,2236,189.1,869-19-2;,928432000000,C02155,HMDB00759,HMDB0000759,NA,NA,HMDB0000759,FALSE,1,Single ID
mannitol,Carbohydrate,"Fructose, mannose, galactose, starch, and sucrose metabolism",15335,GC/MS,1839,319.1,69-65-8;,6251,C00392,HMDB00765,"HMDB0000765,HMDB0001363",NA,NA,"HMDB0000765,HMDB0001363",FALSE,2,Multiple IDs
N-acetylalanine,Amino acid,Alanine and aspartate metabolism,1585,LC/MS Neg,882,130.1,97-69-8;,88064,C02847,HMDB00766,HMDB0000766,NA,NA,HMDB0000766,FALSE,1,Single ID
pseudouridine,Nucleotide,"Pyrimidine metabolism, uracil containing",33442,LC/MS Neg,1104,243.1,1445-07-4;,NA,C02067,HMDB00767,"HMDB0000767,HMDB0006075",NA,NA,"HMDB0000767,HMDB0006075",FALSE,2,Multiple IDs
azelate (nonanedioate),Lipid,"Fatty acid, dicarboxylate",18362,LC/MS Neg,1322,187.2,123-99-9;,2266,C08261,HMDB00784,HMDB0000784,NA,NA,HMDB0000784,FALSE,1,Single ID
myristate (14:0),Lipid,Long chain fatty acid,1365,LC/MS Neg,5439,227.3,544-63-8;,11005,C06424,HMDB00806,HMDB0000806,NA,NA,HMDB0000806,FALSE,1,Single ID
3-phosphoglycerate,Carbohydrate,"Glycolysis, gluconeogenesis, pyruvate metabolism",40264,GC/MS,1754,357.1,80731-10-8;,NA,C00597,HMDB00807,HMDB0000807,NA,NA,HMDB0000807,FALSE,1,Single ID
N-acetylaspartate (NAA),Amino acid,Alanine and aspartate metabolism,22185,LC/MS Pos,1222,176.1,997-55-7;997-55-7 ;,65065,C01042,HMDB00812,HMDB0000812,NA,NA,HMDB0000812,FALSE,1,Single ID
propionylcarnitine,Lipid,Fatty acid metabolism (also BCAA metabolism),32452,LC/MS Pos,1589,218.2,17298-37-2 ;,107738,C03017,HMDB00824,"HMDB0000824,HMDB0062514",NA,NA,"HMDB0000824,HMDB0062514",FALSE,2,Multiple IDs
pentadecanoate (15:0),Lipid,Long chain fatty acid,1361,GC/MS,1853.5,299.2,1002-84-2;,13849,C16537,HMDB00826,HMDB0000826,NA,NA,HMDB0000826,FALSE,1,Single ID
stearate (18:0),Lipid,Long chain fatty acid,1358,LC/MS Neg,5886,283.4,57-11-4;,5281,C01530,HMDB00827,HMDB0000827,NA,NA,HMDB0000827,FALSE,1,Single ID
2-hydroxyhippurate (salicylurate),Xenobiotics,Benzoate metabolism,18281,LC/MS Neg,2252,194.1,487-54-7;,10253,C07588,HMDB00840,HMDB0000840,NA,NA,HMDB0000840,FALSE,1,Single ID
pelargonate (9:0),Lipid,Medium chain fatty acid,12035,LC/MS Neg,4847,157.2,112-05-0;,5461016,C01601,HMDB00847,HMDB0000847,NA,NA,HMDB0000847,FALSE,1,Single ID
stearoylcarnitine,Lipid,Carnitine metabolism,34409,LC/MS Pos,5300,428.4,18822-91-8;,NA,NA,HMDB00848,"HMDB0000848,HMDB0062532",NA,NA,"HMDB0000848,HMDB0062532",FALSE,2,Multiple IDs
N-acetyltyrosine,Amino acid,Phenylalanine & tyrosine metabolism,32390,LC/MS Neg,1677,222.2,537-55-3 ;,68310,NA,HMDB00866,HMDB0000866,NA,NA,HMDB0000866,FALSE,1,Single ID
histamine,Amino acid,Histidine metabolism,1574,GC/MS,1808,174.1,51-45-6;,774,C00388,HMDB00870,"HMDB0000870,HMDB0060263",NA,NA,"HMDB0000870,HMDB0060263",FALSE,2,Multiple IDs
trigonelline (N'-methylnicotinate),Cofactors and vitamins,Nicotinate and nicotinamide metabolism,32401,LC/MS Pos,757,138.1,6138-41-6 ;,5570,NA,HMDB00875,HMDB0000875,NA,NA,HMDB0000875,FALSE,1,Single ID
valine,Amino acid,"Valine, leucine and isoleucine metabolism",1649,LC/MS Pos,1040,118.1,72-18-4;,69710186287,C00183,HMDB00883,"HMDB0000883,HMDB0034366",NA,NA,"HMDB0000883,HMDB0034366",FALSE,2,Multiple IDs
5-methyluridine (ribothymidine),Nucleotide,"Pyrimidine metabolism, uracil containing",35136,LC/MS Neg,1774,257.1,1463-10-1;,445408,NA,HMDB00884,HMDB0000884,NA,NA,HMDB0000884,FALSE,1,Single ID
undecanedioate,Lipid,"Fatty acid, dicarboxylate",35671,LC/MS Neg,2376,215.1,1852-04-6;,15816,NA,HMDB00888,HMDB0000888,NA,NA,HMDB0000888,FALSE,1,Single ID
nicotinamide adenine dinucleotide (NAD+),Cofactors and vitamins,Nicotinate and nicotinamide metabolism,5278,LC/MS Pos,1370,664,53-84-9;,108976515892529e4,C00003,HMDB00902,"HMDB0000902,HMDB0249146",NA,NA,"HMDB0000902,HMDB0249146",FALSE,2,Multiple IDs
citrulline,Amino acid,"Urea cycle; arginine-, proline-, metabolism",2132,LC/MS Pos,715,176.1,372-75-8;,833,C00327,HMDB00904,HMDB0000904,NA,NA,HMDB0000904,FALSE,1,Single ID
dihydrocholesterol,Lipid,Sterol/Steroid,21131,GC/MS,2320.8,215.2,80-97-7;,6665,NA,HMDB00908,HMDB0000908,NA,NA,HMDB0000908,FALSE,1,Single ID
tryptophan,Amino acid,Tryptophan metabolism,54,LC/MS Pos,2445,205.1,73-22-3;,69235166305,C00078,HMDB00929,HMDB0000929,NA,NA,HMDB0000929,FALSE,1,Single ID
S-adenosylhomocysteine (SAH),Amino acid,"Cysteine, methionine, SAM, taurine metabolism",15948,LC/MS Neg,1821,383.1,979-92-0;,NA,C00021,HMDB00939,HMDB0000939,NA,NA,HMDB0000939,FALSE,1,Single ID
threonate,Cofactors and vitamins,Ascorbate and aldarate metabolism,27738,GC/MS,1560.7,292.1,70753-61-6;,151152,C01620,HMDB00943,"HMDB0000943,HMDB0245425,HMDB0062620",NA,NA,"HMDB0000943,HMDB0245425,HMDB0062620",FALSE,3,Multiple IDs
tartarate,Xenobiotics,Food component/Plant,15336,GC/MS,1626.1,292.1,87-69-4;6106-24-7;,875,C00898,HMDB00956,"HMDB0000956,HMDB0059916",NA,NA,"HMDB0000956,HMDB0059916",FALSE,2,Multiple IDs
hypotaurine,Amino acid,"Cysteine, methionine, SAM, taurine metabolism",590,GC/MS,1598.5,188,300-84-5;,107812,C00519,HMDB00965,HMDB0000965,NA,NA,HMDB0000965,FALSE,1,Single ID
arachidonate (20:4n6),Lipid,Long chain fatty acid,1110,LC/MS Neg,5525,303.4,506-32-1;,444899,C00219,HMDB01043,"HMDB0001043,HMDB0060102",NA,NA,"HMDB0001043,HMDB0060102",FALSE,2,Multiple IDs
gamma-glutamylcysteine,Peptide,gamma-glutamyl,1778,LC/MS Pos,1274,251.1,636-58-8;,842,C00669,HMDB01049,"HMDB0001049,HMDB0029146",NA,NA,"HMDB0001049,HMDB0029146",FALSE,2,Multiple IDs
N-acetyl-aspartyl-glutamate (NAAG),Amino acid,Glutamate metabolism,35665,LC/MS Pos,1563,305,3106-85-2;,5255,C12270,HMDB01067,"HMDB0001067,HMDB0255414",NA,NA,"HMDB0001067,HMDB0255414",FALSE,2,Multiple IDs
sedoheptulose-7-phosphate,Carbohydrate,"Nucleotide sugars, pentose metabolism",35649,GC/MS,2070,691.35,2646-35-7;,616,C05382,HMDB01068,"HMDB0001068,HMDB0258206,HMDB0062754",NA,NA,"HMDB0001068,HMDB0258206,HMDB0062754",FALSE,3,Multiple IDs
fructose 1-phosphate,Carbohydrate,"Glycolysis, gluconeogenesis, pyruvate metabolism",15907,GC/MS,1996.5,445.2,53823-70-4;,65246,C01094,HMDB01076,"HMDB0001076,HMDB0062538",NA,NA,"HMDB0001076,HMDB0062538",FALSE,2,Multiple IDs
mannose-6-phosphate,Carbohydrate,"Fructose, mannose, galactose, starch, and sucrose metabolism",1469,GC/MS,2004.6,387.1,70442-25-0;104872-94-8;,NA,C00275,HMDB01078,"HMDB0001078,HMDB0304312",NA,NA,"HMDB0001078,HMDB0304312",FALSE,2,Multiple IDs
deoxycarnitine,Lipid,Carnitine metabolism,36747,LC/MS Pos,759,146.1,6249-56-5;,725,C01181,HMDB01161,"HMDB0001161,HMDB0006831",NA,NA,"HMDB0001161,HMDB0006831",FALSE,2,Multiple IDs
5-methylthioadenosine (MTA),Amino acid,Polyamine metabolism,1419,LC/MS Pos,2427,298.1,2457-80-9;,439176,C00170,HMDB01173,HMDB0001173,NA,NA,HMDB0001173,FALSE,1,Single ID
hydantoin-5-propionic acid,Amino acid,Histidine metabolism,40473,LC/MS Neg,762,171.3,5624-26-0;,782,C05565,HMDB01212,HMDB0001212,NA,NA,HMDB0001212,FALSE,1,Single ID
prostaglandin E2,Lipid,Eicosanoid,7746,LC/MS Neg,4562,351.3,363-24-6;,5280360,C00584,HMDB01220,HMDB0001220,NA,NA,HMDB0001220,FALSE,1,Single ID
flavin adenine dinucleotide (FAD),Cofactors and vitamins,Riboflavin metabolism,2134,LC/MS Neg,2413,784.1,146-14-5;84366-81-4;,643975,C00016,HMDB01248,"HMDB0001248,HMDB0252293",NA,NA,"HMDB0001248,HMDB0252293",FALSE,2,Multiple IDs
spermine,Amino acid,Polyamine metabolism,603,LC/MS Pos,506,203.2,71-44-3;,1103,C00750,HMDB01256,HMDB0001256,NA,NA,HMDB0001256,FALSE,1,Single ID
spermidine,Amino acid,Polyamine metabolism,485,LC/MS Pos,533,146.2,124-20-9;,1102,C00315,HMDB01257,HMDB0001257,NA,NA,HMDB0001257,FALSE,1,Single ID
maltotriose,Carbohydrate,"Fructose, mannose, galactose, starch, and sucrose metabolism",15877,GC/MS,2419,204,1109-28-0;,439586,C01835,HMDB01262,"HMDB0001262,HMDB0006857,HMDB0038852",NA,NA,"HMDB0001262,HMDB0006857,HMDB0038852",FALSE,3,Multiple IDs
maltotetraose,Carbohydrate,Oligosaccharide,15910,LC/MS Neg,965,665.1,34612-38-9;,446495,C02052,HMDB01296,"HMDB0001296,HMDB0029931,HMDB0252767",NA,NA,"HMDB0001296,HMDB0029931,HMDB0252767",FALSE,3,Multiple IDs
6-phosphogluconate,Carbohydrate,"Nucleotide sugars, pentose metabolism",15442,LC/MS Neg,588,275.1,921-62-0;53411-70-4;,91493,C00345,HMDB01316,HMDB0001316,NA,NA,HMDB0001316,FALSE,1,Single ID
N-6-trimethyllysine,Amino acid,Lysine metabolism,1498,LC/MS Pos,650,189.2,23284-33-5;,159659,C03793,HMDB01325,HMDB0001325,NA,NA,HMDB0001325,FALSE,1,Single ID
4-hydroxyglutamate,Amino acid,Glutamate metabolism,40499,GC/MS,1644.2,244.1,2485-33-8;,439902,C03079,HMDB01344,"HMDB0002273,HMDB0001344",NA,NA,"HMDB0002273,HMDB0001344",FALSE,2,Multiple IDs
beta-hydroxypyruvate,Amino acid,"Glycine, serine and threonine metabolism",15686,GC/MS,1425.1,221,3369-79-7;,964,C00168,HMDB01352,HMDB0001352,NA,NA,HMDB0001352,FALSE,1,Single ID
3'-dephosphocoenzyme A,Cofactors and vitamins,Pantothenate and CoA metabolism,18289,LC/MS Neg,2010,686.2,3633-59-8;,444485,C00882,HMDB01373,HMDB0001373,NA,NA,HMDB0001373,FALSE,1,Single ID
linolenate [alpha or gamma; (18:3n3 or 6)],Lipid,Essential fatty acid,34035,LC/MS Neg,5450,277.3,NA,NA,C06427,HMDB01388,HMDB0001388,NA,NA,HMDB0001388,FALSE,1,Single ID
5-methyltetrahydrofolate (5MeTHF),Cofactors and vitamins,Folate metabolism,18330,LC/MS Neg,1838,458.2,68703-91-3;68792-52-9;,146,C00440,HMDB01396,HMDB0001396,NA,NA,HMDB0001396,FALSE,1,Single ID
glucose-6-phosphate (G6P),Carbohydrate,"Glycolysis, gluconeogenesis, pyruvate metabolism",31260,GC/MS,2042.7,387.2,103192-55-8;,NA,C00668,HMDB01401,"HMDB0001401,HMDB0001549,HMDB0006793",NA,NA,"HMDB0001401,HMDB0001549,HMDB0006793",FALSE,3,Multiple IDs
nicotinamide,Cofactors and vitamins,Nicotinate and nicotinamide metabolism,594,LC/MS Pos,1267,123.1,98-92-0;,936,C00153,HMDB01406,HMDB0001406,NA,NA,HMDB0001406,FALSE,1,Single ID
putrescine,Amino acid,Polyamine metabolism,1408,GC/MS,1705.8,174,110-60-1;,NA,C00134,HMDB01414,"HMDB0001414,HMDB0060243",NA,NA,"HMDB0001414,HMDB0060243",FALSE,2,Multiple IDs
phosphate,Energy,Oxidative phosphorylation,11438,GC/MS,1307.7,298.9,7664-38-2 ;,1061,C00009,HMDB01429,"HMDB0001429,HMDB0000973,HMDB0002105,HMDB0002142,HMDB0005947",NA,NA,"HMDB0001429,HMDB0000973,HMDB0002105,HMDB0002142,HMDB0005947",FALSE,5,Multiple IDs
agmatine,Amino acid,Polyamine metabolism,15496,GC/MS,1526,174,2482-00-0;,199,C00179,HMDB01432,"HMDB0001432,HMDB0060259",NA,NA,"HMDB0001432,HMDB0060259",FALSE,2,Multiple IDs
nicotinamide adenine dinucleotide reduced (NADH),Cofactors and vitamins,Nicotinate and nicotinamide metabolism,31475,LC/MS Neg,1554,664.1,58-68-4 ;606-68-8;,439153,C00004,HMDB01487,HMDB0001487,NA,NA,HMDB0001487,FALSE,1,Single ID
nicotinate,Cofactors and vitamins,Nicotinate and nicotinamide metabolism,1504,LC/MS Neg,1221,122.1,59-67-6;,938,C00253,HMDB01488,HMDB0001488,NA,NA,HMDB0001488,FALSE,1,Single ID
gamma-tocopherol,Cofactors and vitamins,Tocopherol metabolism,33420,GC/MS,2264,488.4,54-28-4;,14986,C02483,HMDB01492,"HMDB0001492,HMDB0002634",NA,NA,"HMDB0001492,HMDB0002634",FALSE,2,Multiple IDs
7-alpha-hydroxycholesterol,Lipid,Sterol/Steroid,35692,GC/MS,2300,456.2,566-27-8;,107722,C03594,HMDB01496,HMDB0001496,NA,NA,HMDB0001496,FALSE,1,Single ID
dimethylarginine (SDMA + ADMA),Amino acid,"Urea cycle; arginine-, proline-, metabolism",36808,LC/MS Pos,812,203.2,NA,123831,C03626,"HMDB01539,HMDB03334","HMDB01539,HMDB03334",NA,NA,"HMDB01539,HMDB03334",FALSE,2,Multiple IDs
pyridoxal,Cofactors and vitamins,Pyridoxal metabolism,1651,LC/MS Pos,1210,168.1,65-22-5;,1050,C00250,HMDB01545,HMDB0001545,NA,NA,HMDB0001545,FALSE,1,Single ID
N1-methylguanosine,Nucleotide,"Purine metabolism, guanine containing",31609,LC/MS Pos,1850,298.1,2140-65-0;,96373,NA,HMDB01563,HMDB0001563,NA,NA,HMDB0001563,FALSE,1,Single ID
glucose 1-phosphate,Carbohydrate,"Glycolysis, gluconeogenesis, pyruvate metabolism",15561,GC/MS,2017,299.1,56401-20-8;,65533,C00103,HMDB01586,"HMDB0001586,HMDB0001306",NA,NA,"HMDB0001586,HMDB0001306",FALSE,2,Multiple IDs
arabitol,Carbohydrate,"Nucleotide sugars, pentose metabolism",38075,GC/MS,1687.5,307.1,488-82-4;,94154,C00474,HMDB01851,"HMDB0001851,HMDB0000199",NA,NA,"HMDB0001851,HMDB0000199",FALSE,2,Multiple IDs
4-acetamidophenol,Xenobiotics,Drug,12032,LC/MS Pos,2238,152.1,103-90-2;,1983,C06804,HMDB01859,HMDB0001859,NA,NA,HMDB0001859,FALSE,1,Single ID
4-acetaminophen sulfate,Xenobiotics,Drug,37475,LC/MS Neg,1779,230.1,10066-90-7;32113-41-0;,83939,C06804,HMDB01859,HMDB0001859,NA,NA,HMDB0001859,FALSE,1,Single ID
benzoate,Xenobiotics,Benzoate metabolism,15778,GC/MS,1291.5,179,65-85-0;,243,C00180,HMDB01870,"HMDB0001870,HMDB0304270",NA,NA,"HMDB0001870,HMDB0304270",FALSE,2,Multiple IDs
"1,2-propanediol",Lipid,Ketone bodies,38002,GC/MS,1041,117,57-55-6;,NA,C00583,HMDB01881,HMDB0001881,NA,NA,HMDB0001881,FALSE,1,Single ID
"1,3-dihydroxyacetone",Carbohydrate,"Glycolysis, gluconeogenesis, pyruvate metabolism",35963,GC/MS,1263,103,62147-49-3;,670,C00184,HMDB01882,HMDB0001882,NA,NA,HMDB0001882,FALSE,1,Single ID
alpha-tocopherol,Cofactors and vitamins,Tocopherol metabolism,1561,GC/MS,2305.4,502.5,59-02-9;10191-41-0;,14985,C02477,HMDB01893,HMDB0001893,NA,NA,HMDB0001893,FALSE,1,Single ID
salicylate,Xenobiotics,Drug,1515,LC/MS Neg,2226,137.1,69-72-7;,338,C00805,HMDB01895,"HMDB0001895,HMDB0015470,HMDB0302214",NA,NA,"HMDB0001895,HMDB0015470,HMDB0302214",FALSE,3,Multiple IDs
metformin,Xenobiotics,Drug,39972,GC/MS,1746.4,284.1,1115-70-4;,4091,C07151,HMDB01921,HMDB0001921,NA,NA,HMDB0001921,FALSE,1,Single ID
naproxen,Xenobiotics,Drug,12122,LC/MS Neg,4168,228.9,22204-53-1;,156391,C01517,HMDB01923,HMDB0001923,NA,NA,HMDB0001923,FALSE,1,Single ID
atenolol,Xenobiotics,Drug,38658,LC/MS Pos,1988,267.2,29122-68-7;,2249,D00235,HMDB01924,HMDB0001924,NA,NA,HMDB0001924,FALSE,1,Single ID
ranitidine,Xenobiotics,Drug,38595,LC/MS Pos,1967,315.1,66357-59-3;,3001055,D00422,HMDB01930,"HMDB0001930,HMDB0005003",NA,NA,"HMDB0001930,HMDB0005003",FALSE,2,Multiple IDs
metoprolol,Xenobiotics,Drug,18037,LC/MS Pos,3205,268.2,56392-17-7;,4171,"C07202,D02358",HMDB01932,HMDB0001932,NA,NA,HMDB0001932,FALSE,1,Single ID
3-hydroxyoctanoate,Lipid,"Fatty acid, monohydroxy",22001,LC/MS Neg,3463,159.2,88930-08-9;,26613,NA,HMDB01954,HMDB0001954,NA,NA,HMDB0001954,FALSE,1,Single ID
docosapentaenoate (n3 DPA; 22:5n3),Lipid,Essential fatty acid,32504,LC/MS Neg,5574,329.4,2234-74-4 ;,NA,C16513,HMDB01976,"HMDB0001976,HMDB0060113,HMDB0013123",NA,NA,"HMDB0001976,HMDB0060113,HMDB0013123",FALSE,3,Multiple IDs
eicosapentaenoate (EPA; 20:5n3),Lipid,Essential fatty acid,18467,LC/MS Neg,5442,301.3,10-2005-9;10417-94-4;,446284,C06428,HMDB01999,HMDB0001999,NA,NA,HMDB0001999,FALSE,1,Single ID
myristoleate (14:1n5),Lipid,Long chain fatty acid,32418,LC/MS Neg,5338,225.3,544-64-9 ;,5281119,C08322,HMDB02000,HMDB0002000,NA,NA,HMDB0002000,FALSE,1,Single ID
erucate (22:1n9),Lipid,Long chain fatty acid,1552,GC/MS,2134,395.4,112-86-7;,8216,C08316,HMDB02068,HMDB0002068,NA,NA,HMDB0002068,FALSE,1,Single ID
malonylcarnitine,Lipid,Fatty acid synthesis,37059,LC/MS Pos,980,248.1,NA,NA,NA,HMDB02095,"HMDB0002095,HMDB0062496,HMDB0062592",NA,NA,"HMDB0002095,HMDB0062496,HMDB0062592",FALSE,3,Multiple IDs
S-methylcysteine,Amino acid,"Cysteine, methionine, SAM, taurine metabolism",40262,GC/MS,1447.8,162.1,1187-84-4;,705817000000,NA,HMDB02108,"HMDB0002108,HMDB0302211",NA,NA,"HMDB0002108,HMDB0302211",FALSE,2,Multiple IDs
docosahexaenoate (DHA; 22:6n3),Lipid,Essential fatty acid,19323,LC/MS Neg,5518,327.3,6217-54-5;,445580,C06429,HMDB02183,"HMDB0002183,HMDB0062579",NA,NA,"HMDB0002183,HMDB0062579",FALSE,2,Multiple IDs
3-hydroxydecanoate,Lipid,"Fatty acid, monohydroxy",22053,LC/MS Neg,4681,187.2,5561-87-5;,26612,NA,HMDB02203,"HMDB0002203,HMDB0010725",NA,NA,"HMDB0002203,HMDB0010725",FALSE,2,Multiple IDs
arachidate (20:0),Lipid,Long chain fatty acid,1118,GC/MS,2071.2,369.3,506-30-9;,10467,C06425,HMDB02212,HMDB0002212,NA,NA,HMDB0002212,FALSE,1,Single ID
adrenate (22:4n6),Lipid,Long chain fatty acid,32980,LC/MS Neg,5684,331.3,2091-25-0;,5282844,C16527,HMDB02226,"HMDB0002226,HMDB0062580",NA,NA,"HMDB0002226,HMDB0062580",FALSE,2,Multiple IDs
eicosenoate (20:1n9 or 11),Lipid,Long chain fatty acid,33587,LC/MS Neg,5955,309.4,NA,NA,NA,HMDB02231,HMDB0002231,NA,NA,HMDB0002231,FALSE,1,Single ID
laurylcarnitine,Lipid,Carnitine metabolism,34534,LC/MS Pos,5066,344.3,NA,10427569,NA,HMDB02250,"HMDB0002250,HMDB0062713",NA,NA,"HMDB0002250,HMDB0062713",FALSE,2,Multiple IDs
margarate (17:0),Lipid,Long chain fatty acid,1121,LC/MS Neg,5733,269.3,506-12-7;,10465,NA,HMDB02259,HMDB0002259,NA,NA,HMDB0002259,FALSE,1,Single ID
imidazole propionate,Amino acid,Histidine metabolism,40730,LC/MS Pos,1011.7,141.1,1074-59-5;,70630,NA,HMDB02271,HMDB0002271,NA,NA,HMDB0002271,FALSE,1,Single ID
nervonate (24:1n9),Lipid,Long chain fatty acid,41820,GC/MS,2201,423.4,506-37-6 ;,5281120,C08323,HMDB02368,"HMDB0002368,HMDB0303950",NA,NA,"HMDB0002368,HMDB0303950",FALSE,2,Multiple IDs
glycerol 2-phosphate,Xenobiotics,Chemical,27728,GC/MS,1691.8,243,819-83-0;,2526,C02979,HMDB02520,HMDB0002520,NA,NA,HMDB0002520,FALSE,1,Single ID
glycolithocholate sulfate*,Lipid,Bile acid metabolism,32620,LC/MS Neg,5015,512.3,NA,72222,C11301,HMDB02639,"HMDB0002639,HMDB0062801",NA,NA,"HMDB0002639,HMDB0062801",FALSE,2,Multiple IDs
"1,5-anhydroglucitol (1,5-AG)",Carbohydrate,"Glycolysis, gluconeogenesis, pyruvate metabolism",20675,GC/MS,1788.7,217,154-58-5;,NA,C07326,HMDB02712,"HMDB0002712,HMDB0011726,HMDB0011736",NA,NA,"HMDB0002712,HMDB0011726,HMDB0011736",FALSE,3,Multiple IDs
prostaglandin A2,Lipid,Eicosanoid,19761,LC/MS Neg,4875,333.3,13345-50-1;,5280880,C05953,HMDB02752,"HMDB0002752,HMDB0062524",NA,NA,"HMDB0002752,HMDB0062524",FALSE,2,Multiple IDs
androsterone sulfate,Lipid,Sterol/Steroid,31591,LC/MS Neg,5011,369.2,2479-86-9 ;,NA,C00523,HMDB02759,"HMDB0001032,HMDB0002759",NA,NA,"HMDB0001032,HMDB0002759",FALSE,2,Multiple IDs
cortisone,Lipid,Sterol/Steroid,1769,LC/MS Pos,4420,361.2,53-06-5;,222786000000,C00762,HMDB02802,HMDB0002802,NA,NA,HMDB0002802,FALSE,1,Single ID
N-acetylglucosamine 6-phosphate,Carbohydrate,Aminosugars metabolism,15107,LC/MS Neg,628,300.1,102029-88-9;,10040501,C00357,HMDB02817,HMDB02817,NA,NA,HMDB02817,FALSE,1,Single ID
1-methylimidazoleacetate,Amino acid,Histidine metabolism,32350,LC/MS Pos,845,141.1,2625-49-2 ;,75810,C05828,HMDB02820,HMDB0002820,NA,NA,HMDB0002820,FALSE,1,Single ID
docosatrienoate (22:3n3),Lipid,Long chain fatty acid,32417,LC/MS Neg,5825,333.4,59708-86-0 ;,5312556,C16534,HMDB02823,HMDB0002823,NA,NA,HMDB0002823,FALSE,1,Single ID
theobromine,Xenobiotics,Xanthine metabolism,18392,LC/MS Pos,2136,181.1,83-67-0;,5429,C07480,HMDB02825,HMDB0002825,NA,NA,HMDB0002825,FALSE,1,Single ID
6-keto prostaglandin F1alpha,Lipid,Eicosanoid,20476,LC/MS Neg,4180,369.3,58961-34-8;58962-34-8;,5280888,C05961,HMDB02886,HMDB0002886,NA,NA,HMDB0002886,FALSE,1,Single ID
valylasparagine,Peptide,Dipeptide,40727,LC/MS Neg,1334,230.2,66170-00-1;,70202000000000,C00252,HMDB02923,HMDB0002923,NA,NA,HMDB0002923,FALSE,1,Single ID
dihomo-linolenate (20:3n3 or n6),Lipid,Essential fatty acid,35718,LC/MS Neg,5600,305.4,NA,5312529,C03242,HMDB02925,"HMDB0002925,HMDB0006735",NA,NA,"HMDB0002925,HMDB0006735",FALSE,2,Multiple IDs
N-acetylserine,Amino acid,"Glycine, serine and threonine metabolism",37076,GC/MS,1526,218,97-14-3;,65249,NA,HMDB02931,HMDB0002931,NA,NA,HMDB0002931,FALSE,1,Single ID
erythritol,Xenobiotics,"Sugar, sugar substitute, starch",20699,GC/MS,1517.5,217,149-32-6;,NA,C00503,HMDB02994,"HMDB0002994,HMDB0094689",NA,NA,"HMDB0002994,HMDB0094689",FALSE,2,Multiple IDs
ergothioneine,Xenobiotics,Food component/Plant,37459,LC/MS Pos,847,230.2,58511-63-0;,3032311,C05570,HMDB03045,HMDB0003045,NA,NA,HMDB0003045,FALSE,1,Single ID
quinate,Xenobiotics,Food component/Plant,18335,GC/MS,1793,345.1,77-95-2;,NA,C00296,HMDB03072,HMDB0003072,NA,NA,HMDB0003072,FALSE,1,Single ID
palmitoleate (16:1n7),Lipid,Long chain fatty acid,33447,LC/MS Neg,5477,253.3,373-49-9;,445638,C08362,HMDB03229,"HMDB0003229,HMDB0012328,HMDB0060082",NA,NA,"HMDB0003229,HMDB0012328,HMDB0060082",FALSE,3,Multiple IDs
N1-methyladenosine,Nucleotide,"Purine metabolism, adenine containing",15650,LC/MS Pos,1356,282.1,15763-06-1;,5460178,C02494,HMDB03331,HMDB0003331,NA,NA,HMDB0003331,FALSE,1,Single ID
"glutathione, oxidized (GSSG)",Amino acid,Glutathione metabolism,27727,LC/MS Pos,1535,613.1,103239-24-3;,6535910000000,C00127,HMDB03337,"HMDB0000656,HMDB0003337",NA,NA,"HMDB0000656,HMDB0003337",FALSE,2,Multiple IDs
glutamate,Amino acid,Glutamate metabolism,57,LC/MS Pos,700,148.1,56-86-0;,611,C00025,HMDB03339,HMDB0003339,NA,NA,HMDB0003339,FALSE,1,Single ID
5-aminovalerate,Amino acid,"Urea cycle; arginine-, proline-, metabolism",18319,LC/MS Pos,860,118.1,660-88-8;,6992101138,C00431,HMDB03355,HMDB0003355,NA,NA,HMDB0003355,FALSE,1,Single ID
N-acetylornithine,Amino acid,"Urea cycle; arginine-, proline-, metabolism",15630,LC/MS Pos,875,175.2,6205-08-9;,6992100000000,C00437,HMDB03357,"HMDB0003357,HMDB0006489",NA,NA,"HMDB0003357,HMDB0006489",FALSE,2,Multiple IDs
ornithine,Amino acid,"Urea cycle; arginine-, proline-, metabolism",1493,GC/MS,1763.8,141.9,3184-13-2;,6262,C00077,HMDB03374,HMDB0003374,NA,NA,HMDB0003374,FALSE,1,Single ID
2-phosphoglycerate,Carbohydrate,"Glycolysis, gluconeogenesis, pyruvate metabolism",35629,GC/MS,1734,459.1,70195-25-4;,NA,C00631,HMDB03391,"HMDB0000362,HMDB0062707,HMDB0003391,HMDB0304085",NA,NA,"HMDB0000362,HMDB0062707,HMDB0003391,HMDB0304085",FALSE,4,Multiple IDs
serine,Amino acid,"Glycine, serine and threonine metabolism",1648,GC/MS,1389.1,204,56-45-1;,59516857581,C00065,HMDB03406,HMDB0003406,NA,NA,HMDB0003406,FALSE,1,Single ID
alanylalanine,Peptide,Dipeptide,15129,LC/MS Pos,757,161.1,1948-31-8;,54603600000000,C00993,HMDB03459,HMDB0003459,NA,NA,HMDB0003459,FALSE,1,Single ID
4-guanidinobutanoate,Amino acid,Guanidino and acetamido metabolism,15681,LC/MS Pos,1085,146.1,463-003;463-00-3;,500,C01035,HMDB03464,"HMDB0003464,HMDB0005991",NA,NA,"HMDB0003464,HMDB0005991",FALSE,2,Multiple IDs
"gulono-1,4-lactone",Cofactors and vitamins,Ascorbate and aldarate metabolism,33454,GC/MS,1862,333.1,1128-23-0;,608,C01040,HMDB03466,HMDB0003466,NA,NA,HMDB0003466,FALSE,1,Single ID
adenosine 3'-monophosphate (3'-AMP),Nucleotide,"Purine metabolism, adenine containing",35142,LC/MS Pos,1451,348.1,84-21-9;,15938966,C01367,HMDB03540,"HMDB0003540,HMDB0006550",NA,NA,"HMDB0003540,HMDB0006550",FALSE,2,Multiple IDs
3-methyl-2-oxovalerate,Amino acid,"Valine, leucine and isoleucine metabolism",15676,LC/MS Neg,2106,129.2,51829-07-3;,47,C00671,HMDB03736,"HMDB0000491,HMDB0001962,HMDB0002254,HMDB0003736,HMDB0004750",NA,NA,"HMDB0000491,HMDB0001962,HMDB0002254,HMDB0003736,HMDB0004750",FALSE,5,Multiple IDs
"4-androsten-3beta,17beta-diol disulfate 1*",Lipid,Sterol/Steroid,37202,LC/MS Neg,3735,224.3,NA,NA,NA,HMDB03818,HMDB0003818,NA,NA,HMDB0003818,FALSE,1,Single ID
3-aminoisobutyrate,Nucleotide,"Pyrimidine metabolism, thymine containing; Valine, leucine and isoleucine metabolism/",1566,GC/MS,1252.2,101.9,10569-72-9;214139-20-5;,64956,C05145,HMDB03911,"HMDB0003911,HMDB0000485",NA,NA,"HMDB0003911,HMDB0000485",FALSE,2,Multiple IDs
pregnen-diol disulfate*,Lipid,Sterol/Steroid,32562,LC/MS Neg,3886,238.3,NA,NA,C05484,HMDB04025,"HMDB0004025,HMDB0005943",NA,NA,"HMDB0004025,HMDB0005943",FALSE,2,Multiple IDs
allo-threonine,Amino acid,"Glycine, serine and threonine metabolism",15142,GC/MS,1417.8,219,28954-12-3;,992897000000,C05519,HMDB04041,HMDB0004041,NA,NA,HMDB0004041,FALSE,1,Single ID
threitol,Carbohydrate,"Nucleotide sugars, pentose metabolism",35854,GC/MS,1513,217.1,2418-52-2;,169019,C16884,HMDB04136,HMDB0004136,NA,NA,HMDB0004136,FALSE,1,Single ID
L-urobilin,Cofactors and vitamins,Hemoglobin and porphyrin metabolism,40173,LC/MS Pos,4091,595.4,34217-90-8;,5280818,C05793,HMDB04159,"HMDB0004160,HMDB0004159,HMDB0004161",NA,NA,"HMDB0004160,HMDB0004159,HMDB0004161",FALSE,3,Multiple IDs
N1-Methyl-2-pyridone-5-carboxamide,Cofactors and vitamins,Nicotinate and nicotinamide metabolism,40469,LC/MS Pos,1707.3,153.2,701-44-0;,69698,C05842,HMDB04193,HMDB0004193,NA,NA,HMDB0004193,FALSE,1,Single ID
phytosphingosine,Lipid,Sphingolipid,1510,LC/MS Pos,5189,318.4,554-62-1;,NA,C12144,HMDB04610,HMDB0004610,NA,NA,HMDB0004610,FALSE,1,Single ID
N-acetylarginine,Amino acid,"Urea cycle; arginine-, proline-, metabolism",33953,LC/MS Neg,1149,215.2,155-84-0;,674272000000,C02562,HMDB04620,HMDB0004620,NA,NA,HMDB0004620,FALSE,1,Single ID
"N2,N2-dimethylguanosine",Nucleotide,"Purine metabolism, guanine containing",35137,LC/MS Pos,2157,312.1,2140-67-2;,92919,NA,HMDB04824,HMDB0004824,NA,NA,HMDB0004824,FALSE,1,Single ID
stachydrine,Xenobiotics,Food component/Plant,34384,LC/MS Pos,860,144.1,4136-37-2;,115244,C10172,HMDB04827,HMDB0004827,NA,NA,HMDB0004827,FALSE,1,Single ID
codeine,Xenobiotics,Drug,39610,LC/MS Pos,2201.1,300.2,76-57-3;,NA,NA,HMDB04995,"HMDB0004995,HMDB0014463",NA,NA,"HMDB0004995,HMDB0014463",FALSE,2,Multiple IDs
lipitor,Xenobiotics,Drug,38619,LC/MS Neg,5091.5,557.3,134523-03-8;,60823,"D00887,C06834",HMDB05006,HMDB0005006,NA,NA,HMDB0005006,FALSE,1,Single ID
celecoxib,Xenobiotics,Drug,38599,LC/MS Neg,5257.9,380.2,169590-42-5;,2662,"D00567,C07589",HMDB05014,HMDB0005014,NA,NA,HMDB0005014,FALSE,1,Single ID
gabapentin,Xenobiotics,Drug,38686,LC/MS Pos,2482,172.2,60142-96-3;,34466919078,D00332,HMDB05015,HMDB0005015,NA,NA,HMDB0005015,FALSE,1,Single ID
venlafaxine,Xenobiotics,Drug,38623,LC/MS Pos,3700,278.2,93413-69-5;,5656,C07187,HMDB05016,HMDB0005016,NA,NA,HMDB0005016,FALSE,1,Single ID
citalopram,Xenobiotics,Drug,38651,LC/MS Pos,3771.8,325.2,21986-53-7;,2771,C07572,HMDB05038,HMDB0005038,NA,NA,HMDB0005038,FALSE,1,Single ID
oleoylcarnitine,Lipid,Carnitine metabolism,35160,LC/MS Pos,5202,426.4,NA,NA,NA,HMDB05065,"HMDB0005065,HMDB0062772",NA,NA,"HMDB0005065,HMDB0062772",FALSE,2,Multiple IDs
ophthalmate,Amino acid,Glutathione metabolism,34592,LC/MS Neg,920,288.1,495-27-2;,9817431,NA,HMDB05765,HMDB0005765,NA,NA,HMDB0005765,FALSE,1,Single ID
sorbitol 6-phosphate,Carbohydrate,"Fructose, mannose, galactose, starch, and sucrose metabolism",15699,LC/MS Neg,613,261.1,108392-12-7;,NA,C01096,HMDB05831,HMDB0005831,NA,NA,HMDB0005831,FALSE,1,Single ID
N2-methylguanosine,Nucleotide,"Purine metabolism, guanine containing",35133,LC/MS Pos,1950,298.1,2140-77-4;,3035422,NA,HMDB05862,HMDB0005862,NA,NA,HMDB0005862,FALSE,1,Single ID
N-acetylasparagine,Amino acid,Alanine and aspartate metabolism,33942,LC/MS Pos,974,175.1,4033-40-3;,99715,NA,HMDB06028,HMDB06028,NA,NA,HMDB06028,FALSE,1,Single ID
N-acetylglutamine,Amino acid,Glutamate metabolism,33943,LC/MS Pos,1204,189.1,2490-97-3;,182230,C02716,HMDB06029,HMDB0006029,NA,NA,HMDB0006029,FALSE,1,Single ID
scyllo-inositol,Lipid,Inositol metabolism,32379,GC/MS,1893.8,318.2,488-59-5;,NA,C06153,HMDB06088,"HMDB0006088,HMDB0000160",NA,NA,"HMDB0006088,HMDB0000160",FALSE,2,Multiple IDs
3-hydroxyhippurate,Xenobiotics,Benzoate metabolism,39600,LC/MS Neg,1670,194.1,NA,450268,NA,HMDB06116,HMDB0006116,NA,NA,HMDB0006116,FALSE,1,Single ID
7-beta-hydroxycholesterol,Lipid,Sterol/Steroid,35092,GC/MS,2340,456.4,566-27-8;,473141,C03594,HMDB06119,HMDB0006119,NA,NA,HMDB0006119,FALSE,1,Single ID
beta-tocopherol,Cofactors and vitamins,Tocopherol metabolism,35702,GC/MS,2260,488.3,NA,6857447,C14152,HMDB06335,HMDB0006335,NA,NA,HMDB0006335,FALSE,1,Single ID
phenylacetylglutamine,Amino acid,Phenylalanine & tyrosine metabolism,35126,LC/MS Pos,2868,265.2,28047-15-6;,306137,C04148,HMDB06344,HMDB0006344,NA,NA,HMDB0006344,FALSE,1,Single ID
stearidonate (18:4n3),Lipid,Long chain fatty acid,33969,LC/MS Neg,5381,275.3,111174-40-4 ;,5312508,C16300,HMDB06547,HMDB0006547,NA,NA,HMDB0006547,FALSE,1,Single ID
6'-sialyllactose,Carbohydrate,"Fructose, mannose, galactose, starch, and sucrose metabolism",39795,GC/MS,2071.5,285.1,35890-39-2;,NA,G00265,HMDB06569,HMDB06569,NA,NA,HMDB06569,FALSE,1,Single ID
pro-hydroxy-pro,Peptide,Dipeptide,35127,LC/MS Pos,960,229.2,18684-24-7;,11673055,NA,HMDB06695,"HMDB0006695,HMDB0029018",NA,NA,"HMDB0006695,HMDB0029018",FALSE,2,Multiple IDs
alanylglycine,Peptide,Dipeptide,37075,GC/MS,1412,272.1,NA,524253000000,NA,HMDB06899,"HMDB0006899,HMDB0028687",NA,NA,"HMDB0006899,HMDB0028687",FALSE,2,Multiple IDs
5-oxoETE,Lipid,Eicosanoid,38400,LC/MS Neg,5373,317.3,106154-18-1;,1831,C14732,HMDB10217,HMDB0010217,NA,NA,HMDB0010217,FALSE,1,Single ID
p-acetamidophenylglucuronide,Xenobiotics,Drug,33423,LC/MS Neg,1377,326.1,120595-80-4;,4022661,NA,HMDB10316,HMDB0010316,NA,NA,HMDB0010316,FALSE,1,Single ID
1-myristoylglycerophosphocholine,Lipid,Lysolipid,35626,LC/MS Pos,5481,468.3,20559-16-4;,460604,NA,HMDB10379,HMDB0010379,NA,NA,HMDB0010379,FALSE,1,Single ID
1-stearoylglycerophosphoethanolamine,Lipid,Lysolipid,34416,LC/MS Pos,5842,482.3,69747-55-3;,9547068,NA,HMDB11130,HMDB0011130,NA,NA,HMDB0011130,FALSE,1,Single ID
gamma-glutamylisoleucine*,Peptide,gamma-glutamyl,34456,LC/MS Pos,2644,261.2,NA,NA,NA,HMDB11170,"HMDB0011170,HMDB0029152",NA,NA,"HMDB0011170,HMDB0029152",FALSE,2,Multiple IDs
gamma-glutamylleucine,Peptide,gamma-glutamyl,18369,LC/MS Pos,2744,261.2,2566-39-4;,151023,NA,HMDB11171,"HMDB0011171,HMDB0029153",NA,NA,"HMDB0011171,HMDB0029153",FALSE,2,Multiple IDs
gamma-glutamylvaline,Peptide,gamma-glutamyl,32393,LC/MS Pos,2040,247.2,2746-34-1;,NA,NA,HMDB11172,"HMDB0011172,HMDB0029162",NA,NA,"HMDB0011172,HMDB0029162",FALSE,2,Multiple IDs
1-myristoylglycerophosphoethanolamine,Lipid,Lysolipid,35627,LC/MS Pos,5481,426.1,NA,9547070,NA,HMDB11500,HMDB0011500,NA,NA,HMDB0011500,FALSE,1,Single ID
1-palmitoylglycerophosphoethanolamine,Lipid,Lysolipid,35631,LC/MS Neg,5940,452.3,NA,9547069,NA,HMDB11503,HMDB0011503,NA,NA,HMDB0011503,FALSE,1,Single ID
1-oleoylglycerophosphoethanolamine,Lipid,Lysolipid,35628,LC/MS Neg,5928,478.3,89576-29-4;,9547071,NA,HMDB11506,HMDB0011506,NA,NA,HMDB0011506,FALSE,1,Single ID
1-linoleoylglycerophosphoethanolamine*,Lipid,Lysolipid,32635,LC/MS Neg,5725,476.3,NA,NA,NA,HMDB11507,HMDB0011507,NA,NA,HMDB0011507,FALSE,1,Single ID
1-arachidonoylglycerophosphoethanolamine*,Lipid,Lysolipid,35186,LC/MS Neg,5731,500.3,NA,NA,NA,HMDB11517,HMDB0011517,NA,NA,HMDB0011517,FALSE,1,Single ID
2-linoleoylglycerol (2-monolinolein),Lipid,Monoacylglycerol,32536,GC/MS,2169,408.3,3443-82-1;,5365676,NA,HMDB11538,HMDB0011538,NA,NA,HMDB0011538,FALSE,1,Single ID
1-oleoylglycerol (1-monoolein),Lipid,Monoacylglycerol,21184,GC/MS,2181.2,397.4,111-03-5;,5283468,NA,HMDB11567,"HMDB0011567,HMDB0062009,HMDB0094684",NA,NA,"HMDB0011567,HMDB0062009,HMDB0094684",FALSE,3,Multiple IDs
1-arachidonylglycerol,Lipid,Monoacylglycerol,34397,GC/MS,2226,203.1,NA,5282281,C13857,HMDB11572,HMDB11572,NA,NA,HMDB11572,FALSE,1,Single ID
adenosine 2'-monophosphate (2'-AMP),Nucleotide,"Purine metabolism, adenine containing",36815,LC/MS Pos,1625,348.1,130-49-4;,NA,C00946,HMDB11617,HMDB0011617,NA,NA,HMDB0011617,FALSE,1,Single ID
"cytosine-2',3'-cyclic monophosphate",Nucleotide,"Pyrimidine metabolism, cytidine containing",37465,LC/MS Pos,912,306.2,15718-51-1;,417654,C02354,HMDB11691,HMDB11691,NA,NA,HMDB11691,FALSE,1,Single ID
glycylglycine,Peptide,Dipeptide,21029,GC/MS,1757.9,174,556-50-3;,154890000000,C02037,HMDB11733,HMDB0011733,NA,NA,HMDB0011733,FALSE,1,Single ID
gamma-glutamylglutamine,Peptide,gamma-glutamyl,2730,LC/MS Pos,806,276.1,10148-81-9;,150914,NA,HMDB11738,HMDB0011738,NA,NA,HMDB0011738,FALSE,1,Single ID
N-acetylmethionine,Amino acid,"Cysteine, methionine, SAM, taurine metabolism",1589,LC/MS Pos,2588,192.1,65-82-7;,448580,C02712,HMDB11745,HMDB0011745,NA,NA,HMDB0011745,FALSE,1,Single ID
N-acetylleucine,Amino acid,"Valine, leucine and isoleucine metabolism",1587,LC/MS Pos,3444,174.1,1188-21-2;,70912,C02710,HMDB11756,HMDB0011756,NA,NA,HMDB0011756,FALSE,1,Single ID
N-acetylvaline,Amino acid,"Valine, leucine and isoleucine metabolism",1591,LC/MS Pos,2654,160.1,96-81-1;,66789,NA,HMDB11757,HMDB0011757,NA,NA,HMDB0011757,FALSE,1,Single ID
1-heptadecanoylglycerophosphocholine,Lipid,Lysolipid,33957,LC/MS Pos,5750,510.4,50930-23-9;,NA,NA,HMDB12108,"HMDB0010380,HMDB0010381,HMDB0010382,HMDB0010383,HMDB0010384,HMDB0010385,HMDB0010387,HMDB0010390,HMDB0010391,HMDB0010392,HMDB0010393,HMDB0010395,HMDB0010396,HMDB0010397,HMDB0010398,HMDB0010399,HMDB0010400,HMDB0010401,HMDB0010402,HMDB0010403,HMDB0010404,HMDB0010405,HMDB0010406,HMDB0010408,HMDB0012108,HMDB0013122,HMDB0062541,HMDB0094688,HMDB0258493",NA,NA,"HMDB0010380,HMDB0010381,HMDB0010382,HMDB0010383,HMDB0010384,HMDB0010385,HMDB0010387,HMDB0010390,HMDB0010391,HMDB0010392,HMDB0010393,HMDB0010395,HMDB0010396,HMDB0010397,HMDB0010398,HMDB0010399,HMDB0010400,HMDB0010401,HMDB0010402,HMDB0010403,HMDB0010404,HMDB0010405,HMDB0010406,HMDB0010408,HMDB0012108,HMDB0013122,HMDB0062541,HMDB0094688,HMDB0258493",FALSE,29,Multiple IDs
maltohexaose,Carbohydrate,"Fructose, mannose, galactose, starch, and sucrose metabolism",35170,LC/MS Neg,1224,989.1,34620-77-4;,5288409,C01936,HMDB12253,HMDB0012253,NA,NA,HMDB0012253,FALSE,1,Single ID
maltopentaose,Carbohydrate,"Fructose, mannose, galactose, starch, and sucrose metabolism",35163,LC/MS Neg,1100,827.1,34620-76-3;,3710145,C06218,HMDB12254,"HMDB0012254,HMDB0249794",NA,NA,"HMDB0012254,HMDB0249794",FALSE,2,Multiple IDs
7-alpha-hydroxy-3-oxo-4-cholestenoate (7-Hoca),Lipid,Sterol/Steroid,36776,LC/MS Neg,5268,429.4,115538-85-7;,3081085,C17337,HMDB12458,"HMDB0012458,HMDB0062430",NA,NA,"HMDB0012458,HMDB0062430",FALSE,2,Multiple IDs
docosapentaenoate (n6 DPA; 22:5n6),Lipid,Essential fatty acid,37478,LC/MS Neg,5625,329.4,25182-74-5;,6441454,C06429,HMDB13123,"HMDB0001976,HMDB0060113,HMDB0013123",NA,NA,"HMDB0001976,HMDB0060113,HMDB0013123",FALSE,3,Multiple IDs
valerylcarnitine,Lipid,Fatty acid metabolism,34406,LC/MS Pos,2584,246.2,NA,6426903,NA,HMDB13128,HMDB0013128,NA,NA,HMDB0013128,FALSE,1,Single ID
glutaroyl carnitine,Amino acid,Lysine metabolism,35439,LC/MS Pos,1565,276.1,102636-82-8;,NA,NA,HMDB13130,"HMDB0013130,HMDB0062587",NA,NA,"HMDB0013130,HMDB0062587",FALSE,2,Multiple IDs
2-arachidonoylglycerophosphocholine*,Lipid,Lysolipid,35256,LC/MS Pos,5524,544.3,NA,NA,NA,NA,NA,NA,NA,,TRUE,0,No ID
methionylalanine,Peptide,Dipeptide,40685,LC/MS Pos,1500,221.1,3061-96-9;,NA,NA,NA,NA,NA,NA,,TRUE,0,No ID
methionylasparagine,Peptide,Dipeptide,40686,LC/MS Pos,1060.3,264.1,36261-61-7;,333467,NA,NA,NA,HMDB0028968,NA,HMDB0028968,FALSE,1,Single ID
10-heptadecenoate (17:1n7),Lipid,Long chain fatty acid,33971,LC/MS Neg,5558,267.3,29743-97-3;,5312435,NA,NA,NA,"HMDB0060038, HMDB0062542",NA,"HMDB0060038, HMDB0062542",FALSE,2,Multiple IDs
10-nonadecenoate (19:1n9),Lipid,Long chain fatty acid,33972,LC/MS Neg,5775,295.4,73033-09-7;,5312513,NA,NA,NA,"HMDB0013622, HMDB0062543, HMDB0062658",NA,"HMDB0013622, HMDB0062543, HMDB0062658",FALSE,3,Multiple IDs
13-HODE + 9-HODE,Lipid,"Fatty acid, monohydroxy",37752,LC/MS Neg,5247,295.2,NA,NA,NA,NA,NA,NA,NA,,TRUE,0,No ID
15-methylpalmitate (isobar with 2-methylpalmitate),Lipid,"Fatty acid, branched",38768,LC/MS Neg,5698,269.4,NA,NA,NA,NA,NA,NA,NA,,TRUE,0,No ID
16-hydroxypalmitate,Lipid,"Fatty acid, monohydroxy",39609,LC/MS Neg,5232,271.3,506-13-8;,10466,C18218,NA,NA,"HMDB0006294, HMDB0155887","HMDB0006294, HMDB0155887","HMDB0006294, HMDB0155887",FALSE,2,Multiple IDs
1-arachidonoylglycerophosphocholine*,Lipid,Lysolipid,33228,LC/MS Pos,5554,544.3,NA,NA,C05208,NA,NA,NA,NA,,TRUE,0,No ID
serylphenyalanine,Peptide,Dipeptide,40054,LC/MS Pos,2348,253.2,NA,NA,NA,NA,NA,NA,NA,,TRUE,0,No ID
1-arachidonoylglycerophosphoinositol*,Lipid,Lysolipid,34214,LC/MS Neg,5479,619.4,NA,NA,NA,NA,NA,NA,NA,,TRUE,0,No ID
alanylleucine,Peptide,Dipeptide,37093,LC/MS Pos,2150,203,NA,259583,NA,NA,NA,NA,NA,,TRUE,0,No ID
1-docosahexaenoylglycerophosphocholine*,Lipid,Lysolipid,33822,LC/MS Pos,5518,568.4,NA,NA,NA,NA,NA,NA,NA,,TRUE,0,No ID
alanylphenylalanine,Peptide,Dipeptide,38679,LC/MS Pos,2422,237.2,3061-90-3;,2080,NA,NA,NA,NA,NA,,TRUE,0,No ID
1-heptadecanoylglycerophosphoethanolamine*,Lipid,Lysolipid,37419,LC/MS Neg,6029,466.3,NA,NA,NA,NA,NA,NA,NA,,TRUE,0,No ID
1-linoleoylglycerol (1-monolinolein),Lipid,Monoacylglycerol,27447,GC/MS,2181,395.3,2277-28-3;,5283469,NA,NA,NA,HMDB0242115,NA,HMDB0242115,FALSE,1,Single ID
1-linoleoylglycerophosphocholine,Lipid,Lysolipid,34419,LC/MS Pos,5574,520.4,NA,11988421,C04100,NA,NA,NA,NA,,TRUE,0,No ID
alanylvaline,Peptide,Dipeptide,37084,LC/MS Pos,1513,189,NA,137276,NA,NA,NA,NA,NA,,TRUE,0,No ID
carnitine,Lipid,Carnitine metabolism,15500,LC/MS Pos,702,162.2,461-05-2;,10917,NA,NA,NA,"HMDB0000062, HMDB0001467",NA,"HMDB0000062, HMDB0001467",FALSE,2,Multiple IDs
alpha-glutamylglutamate,Peptide,Dipeptide,22166,LC/MS Pos,857,277.1,3929-61-1;,439500,C01425,NA,NA,HMDB0028818,HMDB0028818,HMDB0028818,FALSE,1,Single ID
alpha-glutamyltryptophan,Peptide,Dipeptide,40664,LC/MS Pos,2660,334.1,38101-59-6;,333386,NA,NA,NA,NA,NA,,TRUE,0,No ID
alpha-glutamyltyrosine,Peptide,Dipeptide,40033,LC/MS Pos,1810,311.1,NA,351830,NA,NA,NA,NA,NA,,TRUE,0,No ID
1-oleoylglycerophosphocholine,Lipid,Lysolipid,33960,LC/MS Pos,5700,522.4,19420-56-5;,16081932,NA,NA,NA,HMDB0002815,NA,HMDB0002815,FALSE,1,Single ID
streptomycin,Xenobiotics,Drug,39872,LC/MS Pos,543.3,300.8,3810-74-0;,5999,NA,NA,NA,NA,NA,,TRUE,0,No ID
1-oleoylglycerophosphoinositol*,Lipid,Lysolipid,36602,LC/MS Neg,5577,597.4,NA,NA,NA,NA,NA,NA,NA,,TRUE,0,No ID
1-oleoylglycerophosphoserine,Lipid,Lysolipid,19260,LC/MS Neg,5690,522.3,NA,9547099,NA,NA,NA,"HMDB0061694, HMDB0240603",NA,"HMDB0061694, HMDB0240603",FALSE,2,Multiple IDs
1-palmitoleoylglycerophosphocholine*,Lipid,Lysolipid,33230,LC/MS Pos,5524,494.3,NA,NA,NA,NA,NA,NA,NA,,TRUE,0,No ID
1-palmitoleoylglycerophosphoethanolamine*,Lipid,Lysolipid,34565,LC/MS Pos,5521.4,452.3,NA,NA,NA,NA,NA,NA,NA,,TRUE,0,No ID
1-palmitoylglycerol (1-monopalmitin),Lipid,Monoacylglycerol,21127,GC/MS,2119.5,371.3,542-44-9;,14900,NA,NA,NA,HMDB0245964,NA,HMDB0245964,FALSE,1,Single ID
1-palmitoylglycerophosphocholine,Lipid,Lysolipid,33955,LC/MS Pos,5671,496.4,17364-16-8;,86554,NA,NA,NA,HMDB0256091,NA,HMDB0256091,FALSE,1,Single ID
glycyllysine,Peptide,Dipeptide,41529,GC/MS,2088.3,174.1,31461-63-9;,306144,NA,NA,NA,HMDB0028846,NA,HMDB0028846,FALSE,1,Single ID
1-palmitoylglycerophosphoinositol*,Lipid,Lysolipid,35305,LC/MS Neg,5573,571.3,NA,NA,NA,NA,NA,NA,NA,,TRUE,0,No ID
1-palmitoylplasmenylethanolamine*,Lipid,Lysolipid,39270,LC/MS Neg,6153,436.4,NA,NA,NA,NA,NA,NA,NA,,TRUE,0,No ID
1-pentadecanoylglycerophosphocholine*,Lipid,Lysolipid,37418,LC/MS Pos,5563,482.3,NA,NA,NA,NA,NA,NA,NA,,TRUE,0,No ID
1-stearoylglycerol (1-monostearin),Lipid,Monoacylglycerol,21188,GC/MS,2186.6,399.4,123-94-4;,24699,D01947,NA,NA,NA,NA,,TRUE,0,No ID
1-stearoylglycerophosphocholine,Lipid,Lysolipid,33961,LC/MS Pos,5844,524.4,19420-57-6;,497299,NA,NA,NA,"HMDB0010380, HMDB0010381, HMDB0010382, HMDB0010383, HMDB0010384, HMDB0010385, HMDB0010387, HMDB0010390, HMDB0010391, HMDB0010392, HMDB0010393, HMDB0010395, HMDB0010396, HMDB0010397, HMDB0010398, HMDB0010399, HMDB0010400, HMDB0010401, HMDB0010402, HMDB0010403, HMDB0010404, HMDB0010405, HMDB0010406, HMDB0010408, HMDB0012108, HMDB0013122, HMDB0062541, HMDB0094688, HMDB0258493",NA,"HMDB0010380, HMDB0010381, HMDB0010382, HMDB0010383, HMDB0010384, HMDB0010385, HMDB0010387, HMDB0010390, HMDB0010391, HMDB0010392, HMDB0010393, HMDB0010395, HMDB0010396, HMDB0010397, HMDB0010398, HMDB0010399, HMDB0010400, HMDB0010401, HMDB0010402, HMDB0010403, HMDB0010404, HMDB0010405, HMDB0010406, HMDB0010408, HMDB0012108, HMDB0013122, HMDB0062541, HMDB0094688, HMDB0258493",FALSE,29,Multiple IDs
arginylvaline,Peptide,Dipeptide,41395,LC/MS Pos,944.9,274.2,2896-20-0;,335257,NA,NA,NA,NA,NA,,TRUE,0,No ID
1-stearoylglycerophosphoinositol,Lipid,Lysolipid,19324,LC/MS Neg,5800,599.4,796963-93-4;,NA,NA,NA,NA,NA,NA,,TRUE,0,No ID
3-(N-acetyl-L-cystein-S-yl) acetaminophen*,Xenobiotics,Drug,18299,LC/MS Pos,2622,313.1,52372-86-8;,83967,NA,NA,NA,HMDB0242140,NA,HMDB0242140,FALSE,1,Single ID
isoleucyltyrosine,Peptide,Dipeptide,40073,LC/MS Pos,2300,295.2,38579-21-4;,342468,NA,NA,NA,HMDB0028919,NA,HMDB0028919,FALSE,1,Single ID
isoleucylvaline,Peptide,Dipeptide,40049,LC/MS Pos,2202,231.2,41017-96-3;,5246010000000,NA,NA,NA,NA,NA,,TRUE,0,No ID
2-arachidonoylglycerophosphoethanolamine*,Lipid,Lysolipid,32815,LC/MS Neg,5674,500.3,NA,NA,NA,NA,NA,NA,NA,,TRUE,0,No ID
2'-deoxyadenosine 3'-monophosphate,Nucleotide,"Purine metabolism, adenine containing",40663,LC/MS Pos,1383.5,332.1,102832-10-0;,1467,NA,NA,NA,HMDB0245534,NA,HMDB0245534,FALSE,1,Single ID
2'-deoxycytidine 3'-monophosphate,Nucleotide,"Pyrimidine metabolism, cytidine containing",40453,LC/MS Pos,1048,308,6220-63-9;,3274948,NA,NA,NA,HMDB0062545,NA,HMDB0062545,FALSE,1,Single ID
aspartylvaline,Peptide,Dipeptide,41373,LC/MS Neg,749.4,231.1,13433-04-0;,4991131,NA,NA,NA,HMDB0028766,NA,HMDB0028766,FALSE,1,Single ID
tryptophan betaine,Amino acid,Tryptophan metabolism,37097,LC/MS Pos,2464,247.1,20671-76-5;,442106,C09213,NA,NA,HMDB0061115,HMDB0061115,HMDB0061115,FALSE,1,Single ID
2-docosahexaenoylglycerophosphocholine*,Lipid,Lysolipid,35883,LC/MS Pos,5507,568.3,NA,NA,NA,NA,NA,NA,NA,,TRUE,0,No ID
2-docosahexaenoylglycerophosphoethanolamine*,Lipid,Lysolipid,34258,LC/MS Pos,5512,526.2,NA,NA,NA,NA,NA,NA,NA,,TRUE,0,No ID
2-docosapentaenoylglycerophosphocholine*,Lipid,Lysolipid,37366,LC/MS Pos,5532,570.3,NA,NA,NA,NA,NA,NA,NA,,TRUE,0,No ID
2-docosapentaenoylglycerophosphoethanolamine*,Lipid,Lysolipid,34875,LC/MS Pos,5548,528.2,NA,NA,NA,NA,NA,NA,NA,,TRUE,0,No ID
2-eicosatrienoylglycerophosphocholine*,Lipid,Lysolipid,35884,LC/MS Pos,5565,546.3,NA,NA,NA,NA,NA,NA,NA,,TRUE,0,No ID
2-ethylhexanoate,Xenobiotics,Chemical,1554,GC/MS,1210.5,201.2,149-57-5;,8697,NA,NA,NA,"HMDB0031230, HMDB0062546",NA,"HMDB0031230, HMDB0062546",FALSE,2,Multiple IDs
2-hydroxyacetaminophen sulfate*,Xenobiotics,Drug,33173,LC/MS Neg,1703,246.1,NA,NA,NA,NA,NA,NA,NA,,TRUE,0,No ID
tyrosylhistidine,Peptide,Dipeptide,41464,LC/MS Pos,903,319.2,3788-44-1;,NA,NA,NA,NA,NA,NA,,TRUE,0,No ID
butyrylcarnitine,Lipid,Fatty acid metabolism (also BCAA metabolism),32412,LC/MS Pos,2007,232.2,25576-40-3;,213144,NA,NA,NA,"HMDB0002013, HMDB0062510",NA,"HMDB0002013, HMDB0062510",FALSE,2,Multiple IDs
homostachydrine*,Xenobiotics,Food component/Plant,33009,LC/MS Pos,1199,158.2,1195-94-4;,441447,C08283,NA,NA,"HMDB0033433, HMDB0304552","HMDB0033433, HMDB0304552","HMDB0033433, HMDB0304552",FALSE,2,Multiple IDs
octanoylcarnitine,Lipid,Carnitine metabolism,33936,LC/MS Pos,4100,288.3,3671-77-0;,123701,NA,NA,NA,NA,NA,,TRUE,0,No ID
2-hydroxypalmitate,Lipid,"Fatty acid, monohydroxy",35675,LC/MS Neg,5508,271.3,764-67-0;,92836,NA,NA,NA,NA,NA,,TRUE,0,No ID
leucyltyrosine,Peptide,Dipeptide,40030,LC/MS Pos,2413,295.2,968-21-8;,273262,NA,NA,NA,HMDB0028941,NA,HMDB0028941,FALSE,1,Single ID
catechol sulfate,Xenobiotics,Benzoate metabolism,35320,LC/MS Neg,1928,188.9,NA,3083879,C00090,NA,NA,"HMDB0059724, HMDB0061713",NA,"HMDB0059724, HMDB0061713",FALSE,2,Multiple IDs
2-linoleoylglycerophosphocholine*,Lipid,Lysolipid,35257,LC/MS Pos,5544,520.4,NA,NA,NA,NA,NA,NA,NA,,TRUE,0,No ID
2-linoleoylglycerophosphoethanolamine*,Lipid,Lysolipid,36593,LC/MS Neg,5650,476.4,NA,NA,NA,NA,NA,NA,NA,,TRUE,0,No ID
2-methoxyacetaminophen sulfate*,Xenobiotics,Drug,33178,LC/MS Neg,1977,260.1,NA,NA,NA,NA,NA,NA,NA,,TRUE,0,No ID
inosine,Nucleotide,"Purine metabolism, (hypo)xanthine/inosine containing",1123,LC/MS Neg,1600,267.2,58-63-9;,NA,NA,NA,NA,NA,NA,,TRUE,0,No ID
2-myristoylglycerophosphocholine*,Lipid,Lysolipid,35681,LC/MS Pos,5450,468.3,NA,NA,NA,NA,NA,NA,NA,,TRUE,0,No ID
2-oleoylglycerol (2-monoolein),Lipid,Monoacylglycerol,35848,GC/MS,2170,410.1,3443-84-3;,5319879,NA,NA,NA,HMDB0011537,NA,HMDB0011537,FALSE,1,Single ID
2-oleoylglycerophosphocholine*,Lipid,Lysolipid,35254,LC/MS Pos,5640,522.4,NA,NA,NA,NA,NA,NA,NA,,TRUE,0,No ID
2-oleoylglycerophosphoethanolamine*,Lipid,Lysolipid,35687,LC/MS Neg,5848,478.3,NA,NA,NA,NA,NA,NA,NA,,TRUE,0,No ID
2-oleoylglycerophosphoserine*,Lipid,Lysolipid,37948,LC/MS Neg,5577,522.3,NA,NA,NA,NA,NA,NA,NA,,TRUE,0,No ID
2-palmitoleoylglycerophosphocholine*,Lipid,Lysolipid,35819,LC/MS Pos,5482,494.3,NA,NA,NA,NA,NA,NA,NA,,TRUE,0,No ID
2-palmitoylglycerol (2-monopalmitin),Lipid,Monoacylglycerol,33419,GC/MS,2108,129,23470-00-0;,123409,NA,NA,NA,HMDB0011533,NA,HMDB0011533,FALSE,1,Single ID
2-palmitoylglycerophosphocholine*,Lipid,Lysolipid,35253,LC/MS Pos,5604,496.3,NA,NA,NA,NA,NA,NA,NA,,TRUE,0,No ID
2-palmitoylglycerophosphoethanolamine*,Lipid,Lysolipid,35688,LC/MS Neg,5790,452.3,NA,NA,NA,NA,NA,NA,NA,,TRUE,0,No ID
isoleucylhistidine,Peptide,Dipeptide,40085,LC/MS Pos,1021,269.2,NA,NA,NA,NA,NA,NA,NA,,TRUE,0,No ID
2-stearoylglycerophosphocholine*,Lipid,Lysolipid,35255,LC/MS Pos,5780,524.4,NA,10208382,NA,NA,NA,NA,NA,,TRUE,0,No ID
2-stearoylglycerophosphoethanolamine*,Lipid,Lysolipid,41220,LC/MS Pos,5779.6,482.2,NA,NA,NA,NA,NA,NA,NA,,TRUE,0,No ID
isoleucylphenylalanine,Peptide,Dipeptide,40067,LC/MS Pos,3155,279.2,22951-98-0;,435728,NA,NA,NA,HMDB0028914,NA,HMDB0028914,FALSE,1,Single ID
3-(cystein-S-yl)acetaminophen*,Xenobiotics,Drug,34365,LC/MS Pos,1960,271.2,NA,5233914,NA,NA,NA,HMDB0242116,NA,HMDB0242116,FALSE,1,Single ID
gamma-glutamylglutamate,Peptide,gamma-glutamyl,36738,LC/MS Pos,1036,277.1,1116-22-9;,92865,NA,NA,NA,"HMDB0011737, HMDB0029148",NA,"HMDB0011737, HMDB0029148",FALSE,2,Multiple IDs
isoleucyltryptophan,Peptide,Dipeptide,40079,LC/MS Pos,3080,318.2,13589-06-5;,9797038,NA,NA,NA,HMDB0028918,NA,HMDB0028918,FALSE,1,Single ID
phenylalanylglutamate,Peptide,Dipeptide,41432,LC/MS Pos,2005,295.2,3617-45-6;,4422358,NA,NA,NA,NA,NA,,TRUE,0,No ID
3-carboxy-4-methyl-5-propyl-2-furanpropanoate (CMPF),Lipid,"Fatty acid, dicarboxylate",31787,LC/MS Neg,2815,239.1,86879-39-2;,123979,NA,NA,NA,"HMDB0061112, HMDB0062776",NA,"HMDB0061112, HMDB0062776",FALSE,2,Multiple IDs
3-dehydrocarnitine*,Lipid,Carnitine metabolism,32654,LC/MS Pos,1020,160.2,10457-99-5;,6991982,NA,NA,NA,HMDB0012154,NA,HMDB0012154,FALSE,1,Single ID
phenylalanylphenylalanine,Peptide,Dipeptide,38150,LC/MS Pos,3317,313.2,2577-40-4;,69930900000000,NA,NA,NA,NA,NA,,TRUE,0,No ID
cytidine 5'-diphosphocholine,Lipid,Glycerolipid metabolism,34418,LC/MS Pos,777,489.1,33818-15-4;,NA,NA,NA,NA,NA,NA,,TRUE,0,No ID
phenylalanylserine,Peptide,Dipeptide,40016,LC/MS Pos,1808,253.1,16053-39-7;,9859812,NA,NA,NA,NA,NA,,TRUE,0,No ID
cytidine-3'-monophosphate (3'-CMP),Nucleotide,"Pyrimidine metabolism, cytidine containing",2959,LC/MS Pos,1181,323.9,84-52-6;,256622,C05822,NA,NA,NA,HMDB0240312,HMDB0240312,FALSE,1,Single ID
leucylalanine,Peptide,Dipeptide,40010,LC/MS Pos,1760,203.2,7298-84-2;,259321,NA,NA,NA,NA,NA,,TRUE,0,No ID
leucylarginine,Peptide,Dipeptide,40028,LC/MS Pos,1300,288.2,26607-15-8;,3800205,NA,NA,NA,HMDB0028923,NA,HMDB0028923,FALSE,1,Single ID
dihomo-linoleate (20:2n6),Lipid,Long chain fatty acid,17805,LC/MS Neg,5722,307.3,2091-39-6;,6439848,C16525,NA,NA,HMDB0005060,HMDB0005060,HMDB0005060,FALSE,1,Single ID
leucylglutamate,Peptide,Dipeptide,40021,LC/MS Pos,1716,261.2,NA,52595900000000,NA,NA,NA,NA,NA,,TRUE,0,No ID
leucylglycine,Peptide,Dipeptide,40045,LC/MS Pos,1800,189.2,686-50-0;,79070,NA,NA,NA,HMDB0028929,NA,HMDB0028929,FALSE,1,Single ID
leucylhistidine,Peptide,Dipeptide,40077,LC/MS Pos,1056,269.2,38062-72-5;,341684,NA,NA,NA,HMDB0028931,NA,HMDB0028931,FALSE,1,Single ID
leucylleucine,Peptide,Dipeptide,36756,LC/MS Pos,3012,245.1,3303-31-9;,768077000000,C11332,NA,NA,NA,"HMDB0028933, HMDB0254039","HMDB0028933, HMDB0254039",FALSE,2,Multiple IDs
docosadienoate (22:2n6),Lipid,Long chain fatty acid,32415,LC/MS Neg,6017,335.4,7370-49-2 ;,5282807,C16533,NA,NA,NA,"HMDB0061714, HMDB0062219","HMDB0061714, HMDB0062219",FALSE,2,Multiple IDs
leucylphenylalanine,Peptide,Dipeptide,40026,LC/MS Pos,3308,279.2,3063-05-6;,259325,NA,NA,NA,HMDB0302841,NA,HMDB0302841,FALSE,1,Single ID
leucylserine,Peptide,Dipeptide,40048,LC/MS Pos,1519.7,219.2,6209-12-7;,3621685,NA,NA,NA,HMDB0028938,NA,HMDB0028938,FALSE,1,Single ID
leucyltryptophan,Peptide,Dipeptide,40034,LC/MS Pos,3216,318.2,5156-22-9;,329275,NA,NA,NA,HMDB0028940,NA,HMDB0028940,FALSE,1,Single ID
tyrosyltyrosine,Peptide,Dipeptide,40667,LC/MS Pos,2177,345.2,1050-28-8;,5057430,NA,NA,NA,NA,NA,,TRUE,0,No ID
4-hydroxyhippurate,Xenobiotics,Benzoate metabolism,35527,LC/MS Neg,1439,194,2482-25-9;,151012,NA,NA,NA,HMDB0013678,NA,HMDB0013678,FALSE,1,Single ID
prolylglycine,Peptide,Dipeptide,40703,LC/MS Pos,875,173.1,2578-57-6;,74080800000000,NA,NA,NA,NA,NA,,TRUE,0,No ID
prolylmethionine,NA,NA,41386,LC/MS Pos,1736.8,247.1,52899-08-8;,52500700000000,NA,NA,NA,NA,NA,,TRUE,0,No ID
C-glycosyltryptophan*,Amino acid,Tryptophan metabolism,32675,LC/MS Pos,1912,367.1,NA,NA,NA,NA,NA,NA,NA,,TRUE,0,No ID
chiro-inositol,Lipid,Inositol metabolism,37112,GC/MS,1857,318.1,643-12-9;,NA,NA,NA,NA,NA,NA,,TRUE,0,No ID
5-HETE,Lipid,Eicosanoid,37372,LC/MS Neg,5372,319.2,73307-52-5;,9862886,NA,NA,NA,"HMDB0011134, HMDB0002218",NA,"HMDB0011134, HMDB0002218",FALSE,2,Multiple IDs
lysylleucine,Peptide,Dipeptide,40020,LC/MS Pos,1546,260.2,7369-79-1;,4682588,NA,NA,NA,NA,NA,,TRUE,0,No ID
lysyllysine,NA,NA,42090,LC/MS Pos,533,138.2,13184-13-9;,4293571,NA,NA,NA,HMDB0304785,NA,HMDB0304785,FALSE,1,Single ID
lysylmethionine,Peptide,Dipeptide,41943,LC/MS Pos,1013.1,278.2,97729-52-7;,NA,NA,NA,NA,NA,NA,,TRUE,0,No ID
lysyltyrosine,Peptide,Dipeptide,42089,LC/MS Pos,1310,310.3,35978-98-4;,NA,NA,NA,NA,NA,NA,,TRUE,0,No ID
pyroglutamine*,Amino acid,Glutamate metabolism,32672,LC/MS Pos,764,129.2,NA,134508,NA,NA,NA,HMDB0242134,NA,HMDB0242134,FALSE,1,Single ID
cis-vaccenate (18:1n7),Lipid,Long chain fatty acid,33970,GC/MS,1987,339.3,693-72-1;,5282761,C08367,NA,NA,"HMDB0003231, HMDB0240219, HMDB0010377","HMDB0003231, HMDB0240219, HMDB0010377","HMDB0003231, HMDB0240219, HMDB0010377",FALSE,3,Multiple IDs
quebrachitol,Xenobiotics,Food component/Plant,37088,GC/MS,1797,217,642-38-6;,NA,NA,NA,NA,NA,NA,,TRUE,0,No ID
glycylmethionine,Peptide,Dipeptide,42012,LC/MS Pos,1593,207.1,554-94-9;,96757,NA,NA,NA,HMDB0028847,NA,HMDB0028847,FALSE,1,Single ID
quinidine,Xenobiotics,Drug,39766,LC/MS Pos,2712.6,325.3,56-54-2;,3036746,NA,NA,NA,NA,NA,,TRUE,0,No ID
arginylmethionine,Peptide,Dipeptide,41458,LC/MS Pos,1151,306.2,NA,9815009,NA,NA,NA,NA,NA,,TRUE,0,No ID
arginylphenylalanine,Peptide,Dipeptide,41485,LC/MS Pos,1795,322.2,2047-13-4;,4441256,NA,NA,NA,NA,NA,,TRUE,0,No ID
arginyltyrosine,Peptide,Dipeptide,41376,LC/MS Pos,1376.6,338.2,74863-12-0;,NA,NA,NA,NA,NA,NA,,TRUE,0,No ID
Ac-Ser-Asp-Lys-Pro-OH,Peptide,Polypeptide,40707,LC/MS Pos,1767,488.2,127103-11-1;,4409396,NA,NA,NA,HMDB0247929,NA,HMDB0247929,FALSE,1,Single ID
glycylvaline,Peptide,Dipeptide,18357,LC/MS Pos,1572,175.1,1963-21-9;,27248100000000,NA,NA,NA,NA,NA,,TRUE,0,No ID
threonylvaline,Peptide,Dipeptide,42011,LC/MS Pos,1574.5,219.2,99032-17-4;,4167210000000,NA,NA,NA,NA,NA,,TRUE,0,No ID
phenylalanylaspartate,Peptide,Dipeptide,41419,LC/MS Pos,1901,281.1,22828-05-3;,335051,NA,NA,NA,NA,NA,,TRUE,0,No ID
aspartate-glutamate,Peptide,Dipeptide,37461,LC/MS Pos,819,263.2,6157-06-8;,4130574,NA,NA,NA,HMDB0028752,NA,HMDB0028752,FALSE,1,Single ID
S-adenosylmethionine (SAM),Amino acid,"Cysteine, methionine, SAM, taurine metabolism",15915,LC/MS Pos,676,399.1,24346-00-7;,NA,NA,NA,NA,NA,NA,,TRUE,0,No ID
N-acetylthreonine,Amino acid,"Glycine, serine and threonine metabolism",33939,LC/MS Neg,846,160.1,NA,4651717,C01118,NA,NA,NA,NA,,TRUE,0,No ID
methionylaspartate,NA,NA,40687,LC/MS Pos,1275.3,265.1,14595-65-4;,NA,NA,NA,NA,NA,NA,,TRUE,0,No ID
methionylglutamate,Peptide,Dipeptide,40693,LC/MS Pos,1503,279.1,14517-44-3;,NA,NA,NA,NA,NA,NA,,TRUE,0,No ID
methionylglycine,Peptide,Dipeptide,40717,LC/MS Pos,1478,207.1,14486-03-4;,259185,NA,NA,NA,HMDB0028973,NA,HMDB0028973,FALSE,1,Single ID
methionylleucine,Peptide,Dipeptide,40023,LC/MS Pos,2698,263.2,14486-16-9;,3425788,NA,NA,NA,HMDB0028977,NA,HMDB0028977,FALSE,1,Single ID
methionylphenylalanine,Peptide,Dipeptide,41441,LC/MS Pos,3042,297.2,14492-14-9;,100048,NA,NA,NA,HMDB0028980,NA,HMDB0028980,FALSE,1,Single ID
alanylglutamate,Peptide,Dipeptide,37064,LC/MS Pos,766,219,NA,656476,NA,NA,NA,NA,NA,,TRUE,0,No ID
histidylmethionine,NA,NA,41965,LC/MS Pos,1025,287.2,2488-11-1;,NA,NA,NA,NA,NA,NA,,TRUE,0,No ID
alanylisoleucine,Peptide,Dipeptide,37118,LC/MS Pos,2011,203.1,NA,4173590000000,NA,NA,NA,NA,NA,,TRUE,0,No ID
"glutamate, gamma-methyl ester",Amino acid,Glutamate metabolism,33487,LC/MS Pos,1062,162.1,1499-55-4 ;,73913,NA,NA,NA,NA,NA,,TRUE,0,No ID
alanylmethionine,Peptide,Dipeptide,37065,LC/MS Pos,1596,221,NA,985095000000,NA,NA,NA,NA,NA,,TRUE,0,No ID
metoprolol acid metabolite*,Xenobiotics,Drug,34109,LC/MS Pos,2535,268.2,NA,62936,NA,NA,NA,HMDB0254682,NA,HMDB0254682,FALSE,1,Single ID
alanylthreonine,Peptide,Dipeptide,37085,LC/MS Pos,708,191,NA,426318,NA,NA,NA,NA,NA,,TRUE,0,No ID
alanyltryptophan,Peptide,Dipeptide,42073,LC/MS Pos,2630,276.2,16305-75-2;,155028000000,NA,NA,NA,NA,NA,,TRUE,0,No ID
alanyltyrosine,Peptide,Dipeptide,37098,LC/MS Pos,1713,253,NA,5723190000000,NA,NA,NA,NA,NA,,TRUE,0,No ID
myristoylcarnitine,Lipid,Carnitine metabolism,33952,LC/MS Pos,5113,372.4,18822-89-4;,6426854,NA,NA,NA,HMDB0254979,NA,HMDB0254979,FALSE,1,Single ID
tyrosylvaline,Peptide,Dipeptide,41424,LC/MS Pos,2041,281.2,17355-09-8;,70095600000000,NA,NA,NA,NA,NA,,TRUE,0,No ID
lidocaine,Xenobiotics,Drug,35661,LC/MS Pos,2761,235.2,137-58-6;,3676,D00358,NA,NA,HMDB0014426,NA,HMDB0014426,FALSE,1,Single ID
phenol sulfate,Amino acid,Phenylalanine & tyrosine metabolism,32553,LC/MS Neg,2150,173.1,937-34-8;,74426,C02180,NA,NA,HMDB0060015,HMDB0060015,HMDB0060015,FALSE,1,Single ID
isoleucylisoleucine,Peptide,Dipeptide,36761,LC/MS Pos,2678,245.1,42537-99-5;,NA,NA,NA,NA,NA,NA,,TRUE,0,No ID
isoleucylmethionine,Peptide,Dipeptide,40058,LC/MS Pos,2392,263.2,42384-14-5;,NA,NA,NA,NA,NA,NA,,TRUE,0,No ID
glycyltyrosine,Peptide,Dipeptide,33958,LC/MS Pos,1728,239.1,658-79-7;,928297000000,NA,NA,NA,NA,NA,,TRUE,0,No ID
glycocholenate sulfate*,Lipid,Bile acid metabolism,32599,LC/MS Neg,4763,254.8,NA,NA,NA,NA,NA,NA,NA,,TRUE,0,No ID
succinylcarnitine,Energy,Krebs cycle,37058,LC/MS Pos,1401,262.1,NA,NA,NA,NA,NA,NA,NA,,TRUE,0,No ID
choline phosphate,Lipid,Glycerolipid metabolism,34396,LC/MS Pos,695,184.1,72556-74-2;,135437,NA,NA,NA,NA,NA,,TRUE,0,No ID
cinnamoylglycine,Xenobiotics,Food component/Plant,38637,LC/MS Neg,3139,204.1,NA,709625,NA,NA,NA,HMDB0011621,NA,HMDB0011621,FALSE,1,Single ID
glycylisoleucine,Peptide,Dipeptide,36659,LC/MS Pos,2080,189.1,19461-38-2;,NA,NA,NA,NA,NA,NA,,TRUE,0,No ID
valylarginine,Peptide,Dipeptide,42072,LC/MS Pos,794.2,274.2,37682-75-0;,4266827,NA,NA,NA,HMDB0304792,NA,HMDB0304792,FALSE,1,Single ID
isoleucylarginine,Peptide,Dipeptide,40071,LC/MS Pos,1245,288.2,55715-01-0;,9900561,NA,NA,NA,HMDB0028901,NA,HMDB0028901,FALSE,1,Single ID
isoleucylglutamate,Peptide,Dipeptide,40057,LC/MS Pos,1650,261.2,42516-53-0;,NA,NA,NA,NA,NA,NA,,TRUE,0,No ID
arginylleucine,Peptide,Dipeptide,39995,LC/MS Pos,1620,288.3,1188-24-5;,333445,NA,NA,NA,NA,NA,,TRUE,0,No ID
tryptophylasparagine,Peptide,Dipeptide,40661,LC/MS Pos,1963,319.2,175027-11-9;,NA,NA,NA,NA,NA,NA,,TRUE,0,No ID
tryptophylglutamate,Peptide,Dipeptide,41401,LC/MS Pos,2246,334.2,36099-95-3;,3634442,NA,NA,NA,HMDB0029082,NA,HMDB0029082,FALSE,1,Single ID
histidylleucine,Peptide,Dipeptide,40061,LC/MS Pos,1482,269.2,7763-65-7;,1890090000000,NA,NA,NA,NA,NA,,TRUE,0,No ID
leucylasparagine,Peptide,Dipeptide,40052,LC/MS Pos,1418,246.2,14608-81-2;,4128305,NA,NA,NA,HMDB0028924,NA,HMDB0028924,FALSE,1,Single ID
isoleucylserine,Peptide,Dipeptide,40012,LC/MS Pos,1472.5,219.2,6403-14-1;,NA,NA,NA,NA,NA,NA,,TRUE,0,No ID
phenylalanylarginine,Peptide,Dipeptide,41487,LC/MS Pos,1553,322.2,1238-09-1;,10268029,NA,NA,NA,HMDB0028989,NA,HMDB0028989,FALSE,1,Single ID
valyllysine,Peptide,Dipeptide,41384,LC/MS Neg,1601.8,244.2,22677-62-9;,5253210,NA,NA,NA,NA,NA,,TRUE,0,No ID
phenylalanylglycine,Peptide,Dipeptide,41370,LC/MS Neg,2460.8,221.1,721-90-4;,98207,NA,NA,NA,HMDB0304788,NA,HMDB0304788,FALSE,1,Single ID
aspartylleucine,Peptide,Dipeptide,40068,LC/MS Pos,2310,247.2,3062-14-4;,332962,NA,NA,NA,HMDB0028757,NA,HMDB0028757,FALSE,1,Single ID
phenylalanylmethionine,Peptide,Dipeptide,41436,LC/MS Pos,2772,297.2,15080-84-9;,NA,NA,NA,NA,NA,NA,,TRUE,0,No ID
aspartyltryptophan,Peptide,Dipeptide,41481,LC/MS Pos,2717,320.2,71835-79-5;,9948926,NA,NA,NA,HMDB0028764,NA,HMDB0028764,FALSE,1,Single ID
phenylalanylproline,Peptide,Dipeptide,41392,LC/MS Neg,3170,261.2,7669-65-0;,4069131,NA,NA,NA,NA,NA,,TRUE,0,No ID
N-acetyltryptophan,Amino acid,Tryptophan metabolism,33959,LC/MS Neg,2650,245.2,1218-34-4;,700653,C03137,NA,NA,HMDB0013713,NA,HMDB0013713,FALSE,1,Single ID
isoleucylglycine,Peptide,Dipeptide,40008,LC/MS Pos,1732,189.2,868-28-0;,342532,NA,NA,NA,HMDB0028907,NA,HMDB0028907,FALSE,1,Single ID
glycylphenylalanine,Peptide,Dipeptide,33954,LC/MS Neg,2193,221.2,3321-03-7;,154934000000,NA,NA,NA,NA,NA,,TRUE,0,No ID
threonylglutamate,Peptide,Dipeptide,42067,LC/MS Pos,819,249.2,54532-73-9;,NA,NA,NA,NA,NA,NA,,TRUE,0,No ID
glycylthreonine,Peptide,Dipeptide,42050,GC/MS,1911.1,174.1,7093-70-1;,351980,NA,NA,NA,HMDB0028851,NA,HMDB0028851,FALSE,1,Single ID
histidylphenylalanine,Peptide,Dipeptide,42084,LC/MS Pos,1730,303.2,16874-81-0;,4466133,NA,NA,NA,NA,NA,,TRUE,0,No ID
histidyltryptophan,Peptide,Dipeptide,41912,LC/MS Pos,1961,342.2,23403-90-9;,6539217,NA,NA,NA,HMDB0304782,NA,HMDB0304782,FALSE,1,Single ID
"bilirubin (E,E)*",Cofactors and vitamins,Hemoglobin and porphyrin metabolism,32586,LC/MS Neg,4242,583.2,NA,5315454,NA,NA,NA,"HMDB0000054, HMDB0000488, HMDB0240584",NA,"HMDB0000054, HMDB0000488, HMDB0240584",FALSE,3,Multiple IDs
histidyltyrosine,Peptide,Dipeptide,41899,LC/MS Pos,1253,319.2,35979-00-1;,435685,NA,NA,NA,NA,NA,,TRUE,0,No ID
nicotinate adenine dinucleotide (NAAD+),Cofactors and vitamins,Nicotinate and nicotinamide metabolism,15725,LC/MS Neg,1236,662.9,6450-77-7;104809-30-5;,NA,NA,NA,NA,NA,NA,,TRUE,0,No ID
N-methylglutamate,Amino acid,Glutamate metabolism,31532,GC/MS,1665,260.2,35989-16-3;,439377,C01046,NA,NA,HMDB0062660,HMDB0062660,HMDB0062660,FALSE,1,Single ID
tyrosylphenylalanine,Peptide,Dipeptide,41492,LC/MS Pos,2890,329.2,17355-11-2;,3421919,NA,NA,NA,HMDB0029112,NA,HMDB0029112,FALSE,1,Single ID
isoleucylalanine,Peptide,Dipeptide,40046,LC/MS Pos,1686,203.2,24787-73-3;,52460100000000,NA,NA,NA,NA,NA,,TRUE,0,No ID
penicillin G,Xenobiotics,Drug,37468,LC/MS Pos,3314,335.2,69-57-8;,2349,C05551,NA,NA,NA,HMDB0015186,HMDB0015186,FALSE,1,Single ID
valyltyrosine,Peptide,Dipeptide,40697,LC/MS Pos,2000,281.2,3061-91-4;,4065033,NA,NA,NA,NA,NA,,TRUE,0,No ID
phenylalanyltryptophan,Peptide,Dipeptide,41377,LC/MS Pos,3349,352.2,24587-41-5;,NA,NA,NA,NA,NA,NA,,TRUE,0,No ID
phenylalanyltyrosine,Peptide,Dipeptide,41527,LC/MS Pos,2630,329.2,17355-18-9;,NA,NA,NA,NA,NA,NA,,TRUE,0,No ID
phenylalanylvaline,Peptide,Dipeptide,41393,LC/MS Pos,2570,265.1,3918-90-9;,4096934,NA,NA,NA,NA,NA,,TRUE,0,No ID
phenylalanylalanine,Peptide,Dipeptide,41374,LC/MS Pos,2047.6,237.1,3918-87-4;,69931200000000,NA,NA,NA,NA,NA,,TRUE,0,No ID
palmitoyl sphingomyelin,Lipid,Sphingolipid,37506,GC/MS,2524,311.3,NA,9939941,NA,NA,NA,"HMDB0010169, HMDB0012098, HMDB0061712",NA,"HMDB0010169, HMDB0012098, HMDB0061712",FALSE,3,Multiple IDs
choline,Lipid,Glycerolipid metabolism,15506,LC/MS Pos,674,104.2,67-48-1;,170746,NA,NA,NA,NA,NA,,TRUE,0,No ID
"Isobar: fructose 1,6-diphosphate, glucose 1,6-diphosphate, myo-inositol 1,4 or 1,3-diphosphate",Carbohydrate,"Glycolysis, gluconeogenesis, pyruvate metabolism",36984,LC/MS Neg,572,339,NA,NA,NA,NA,NA,NA,NA,,TRUE,0,No ID
"Isobar: ribulose 5-phosphate, xylulose 5-phosphate",Carbohydrate,"Nucleotide sugars, pentose metabolism",37288,GC/MS,1935,357.2,NA,NA,NA,NA,NA,NA,NA,,TRUE,0,No ID
p-cresol sulfate,Amino acid,Phenylalanine & tyrosine metabolism,36103,LC/MS Neg,2896,187.1,3233-57-7;,4615422,C01468,NA,NA,NA,"HMDB0001858, HMDB0013762","HMDB0001858, HMDB0013762",FALSE,2,Multiple IDs
paroxetine,Xenobiotics,Drug,40461,LC/MS Pos,4222,330.2,110429-49-8;,43815,"D02362,C07415",NA,NA,HMDB0014853,NA,HMDB0014853,FALSE,1,Single ID
valylvaline,Peptide,Dipeptide,40728,LC/MS Pos,1842,217.2,3918-94-3;,4096820000000,NA,NA,NA,NA,NA,,TRUE,0,No ID
heme,Cofactors and vitamins,Hemoglobin and porphyrin metabolism,41754,LC/MS Pos,5057,616.2,14875-96-8;,NA,NA,NA,NA,NA,NA,,TRUE,0,No ID
tyrosylglycine,Peptide,Dipeptide,41375,LC/MS Pos,1596.8,239.1,673-05-5;,259323,NA,NA,NA,HMDB0259337,NA,HMDB0259337,FALSE,1,Single ID
valylglutamate,Peptide,Dipeptide,32454,LC/MS Pos,1346,247.1,3062-07-5;,7009623,NA,NA,NA,HMDB0029126,NA,HMDB0029126,FALSE,1,Single ID
phenol red,Xenobiotics,Chemical,36817,LC/MS Neg,3650,353.1,143-74-8;,4766,C12600,NA,NA,NA,NA,,TRUE,0,No ID
valylglycine,Peptide,Dipeptide,40475,LC/MS Pos,1330,175.1,686-43-1;,136487,NA,NA,NA,HMDB0259740,NA,HMDB0259740,FALSE,1,Single ID
methyl-alpha-glucopyranoside,Xenobiotics,Chemical,20714,LC/MS Pos,1087,212.1,97-30-3;,64947,C02603,NA,NA,NA,NA,,TRUE,0,No ID
threonylphenylalanine,Peptide,Dipeptide,31530,LC/MS Pos,2500,267.2,NA,40998000000000,NA,NA,NA,NA,NA,,TRUE,0,No ID
threonylmethionine,Peptide,Dipeptide,42068,LC/MS Pos,1641,251.1,90729-28-5;,NA,NA,NA,NA,NA,NA,,TRUE,0,No ID
tyrosylglutamine,Peptide,Dipeptide,41459,LC/MS Pos,1437,310.2,28252-40-6;,NA,NA,NA,NA,NA,NA,,TRUE,0,No ID
valylphenylalanine,Peptide,Dipeptide,40688,LC/MS Pos,2790,265.2,3918-92-1;,69931200000000,NA,NA,NA,NA,NA,,TRUE,0,No ID
phenylalanylleucine,Peptide,Dipeptide,40192,LC/MS Pos,3252,279.2,3303-55-7;,4078229,NA,NA,NA,HMDB0253025,NA,HMDB0253025,FALSE,1,Single ID
guanosine 5'- monophosphate (5'-GMP),Nucleotide,"Purine metabolism, guanine containing",2849,LC/MS Pos,1300,364,5550-12-9;,761,NA,NA,NA,NA,NA,,TRUE,0,No ID
pregnanediol-3-glucuronide,Lipid,Sterol/Steroid,40708,LC/MS Neg,5136.9,495.4,1852-49-9;,123796,NA,NA,NA,HMDB0010318,NA,HMDB0010318,FALSE,1,Single ID
valylalanine,Peptide,Dipeptide,41518,LC/MS Pos,1278.6,189.1,27493-61-4;,334517,NA,NA,NA,NA,NA,,TRUE,0,No ID
valylhistidine,Peptide,Dipeptide,40680,LC/MS Neg,1629.1,253.2,13589-07-6;,NA,NA,NA,NA,NA,NA,,TRUE,0,No ID
xylonate,Carbohydrate,"Nucleotide sugars, pentose metabolism",35638,GC/MS,1722,292,73686-31-7;,6602431,C05411,NA,NA,"HMDB0059750, HMDB0242170","HMDB0060256, HMDB0242183","HMDB0059750, HMDB0242170,HMDB0060256, HMDB0242183",FALSE,4,Multiple IDs
valylaspartate,Peptide,Dipeptide,40650,LC/MS Pos,1073.3,233.1,20556-16-5;,9964657,NA,NA,NA,NA,NA,,TRUE,0,No ID
VGAHAGEYGAEALER*,Peptide,Polypeptide,35211,LC/MS Pos,2542,765.8,NA,NA,NA,NA,NA,NA,NA,,TRUE,0,No ID
serylvaline,Peptide,Dipeptide,42058,LC/MS Pos,1501,205.1,51782-06-0;,NA,NA,NA,NA,NA,NA,,TRUE,0,No ID
leucylmethionine,Peptide,Dipeptide,40022,LC/MS Pos,2504,263.2,36077-39-1;,118276,NA,NA,NA,HMDB0028935,NA,HMDB0028935,FALSE,1,Single ID
methylphosphate,Nucleotide,Purine and pyrimidine metabolism,37070,GC/MS,1221,240.9,7023-27-0;,13130,NA,NA,NA,HMDB0061711,NA,HMDB0061711,FALSE,1,Single ID
N6-carbamoylthreonyladenosine,Nucleotide,"Purine metabolism, guanine containing",35157,LC/MS Pos,2656,413,24719-82-2;,NA,NA,NA,NA,NA,NA,,TRUE,0,No ID
triethyleneglycol,Xenobiotics,Chemical,27743,LC/MS Pos,1824,168.1,112-27-6;,NA,NA,NA,NA,NA,NA,,TRUE,0,No ID
serylisoleucine*,Peptide,Dipeptide,40193,LC/MS Pos,2021,219.2,NA,NA,NA,NA,NA,NA,NA,,TRUE,0,No ID
pivaloylcarnitine,Xenobiotics,Drug,35432,LC/MS Pos,2370,246.2,NA,126894,NA,NA,NA,HMDB0041993,NA,HMDB0041993,FALSE,1,Single ID
valyltryptophan,Peptide,Dipeptide,40649,LC/MS Pos,2830,304.2,24587-37-9;,3360287,NA,NA,NA,NA,NA,,TRUE,0,No ID
tyrosylalanine,Peptide,Dipeptide,40018,LC/MS Pos,1589.5,253.2,730-08-5;,54964600000000,NA,NA,NA,NA,NA,,TRUE,0,No ID
uridine monophosphate (5' or 3'),Nucleotide,"Pyrimidine metabolism, uracil containing",39879,LC/MS Pos,1079,325,NA,NA,NA,NA,NA,NA,NA,,TRUE,0,No ID
glycyltryptophan,Peptide,Dipeptide,38151,LC/MS Pos,2542,262.4,NA,155134000000,NA,NA,NA,NA,NA,,TRUE,0,No ID
valylleucine,Peptide,Dipeptide,39994,LC/MS Pos,2503.3,231.2,NA,352039,NA,NA,NA,NA,NA,,TRUE,0,No ID
tyrosylleucine,Peptide,Dipeptide,40031,LC/MS Pos,2656,295.2,17355-10-1;,870717000000,NA,NA,NA,NA,NA,,TRUE,0,No ID
tyrosyllysine,Peptide,Dipeptide,40656,LC/MS Pos,949.1,310.2,54925-88-1;,NA,NA,NA,NA,NA,NA,,TRUE,0,No ID
palmitoylcarnitine,Lipid,Carnitine metabolism,22189,LC/MS Pos,5179,400.4,6865-14-1;,461,NA,NA,NA,HMDB0240783,NA,HMDB0240783,FALSE,1,Single ID
isobutyrylcarnitine,Amino acid,"Valine, leucine and isoleucine metabolism",33441,LC/MS Pos,1941,232.2,25518-49-4;,NA,NA,NA,NA,NA,NA,,TRUE,0,No ID
serylleucine,Peptide,Dipeptide,40066,LC/MS Pos,2106,219.2,6665-16-3;,NA,NA,NA,NA,NA,NA,,TRUE,0,No ID
N-acetylisoleucine,Amino acid,"Valine, leucine and isoleucine metabolism",33967,LC/MS Pos,3370,174.1,NA,2802421,NA,NA,NA,NA,NA,,TRUE,0,No ID
valylglutamine,Peptide,Dipeptide,42079,LC/MS Pos,1102,246.2,42854-54-6;,5253209,NA,NA,NA,NA,NA,,TRUE,0,No ID
tryptophylleucine,Peptide,Dipeptide,40080,LC/MS Pos,3369,318.2,13123-35-8;,323786,NA,NA,NA,HMDB0029087,NA,HMDB0029087,FALSE,1,Single ID
valylserine,Peptide,Dipeptide,40716,LC/MS Neg,1332,203.2,15388-94-8;,139506,NA,NA,NA,NA,NA,,TRUE,0,No ID
valylisoleucine,Peptide,Dipeptide,40050,LC/MS Pos,2365,231.2,20556-14-3;,52460100000000,NA,NA,NA,NA,NA,,TRUE,0,No ID
piperine,Xenobiotics,Food component/Plant,33935,LC/MS Pos,5136,286.2,94-62-2;,638024,C03882,NA,NA,HMDB0029377,HMDB0029377,HMDB0029377,FALSE,1,Single ID
valylmethionine,Peptide,Dipeptide,40674,LC/MS Pos,2000,249.1,14486-09-0;,292427,NA,NA,NA,NA,NA,,TRUE,0,No ID
nicotinamide riboside*,Cofactors and vitamins,Nicotinate and nicotinamide metabolism,33013,LC/MS Pos,955,255.1,1341-23-7;,NA,NA,NA,NA,NA,NA,,TRUE,0,No ID
threonylleucine,Peptide,Dipeptide,40051,LC/MS Pos,2204,233.2,50299-12-2;,4420322,NA,NA,NA,NA,NA,,TRUE,0,No ID
