ID,GeneRatio,BgRatio,RichFactor,FoldEnrichment,zScore,pvalue,p.adjust,qvalue,Metabolites_in_pathway,Count,Metabolites_in_Pathway,percentage_of_Pathway_detected
Carbohydrate digestion and absorption,4/59,4/252,1,4.271186440677966,3.6390972750921864,0.002774145719664849,0.18113283956463896,0.16842176310396254,C00031/C00095/C00208/C01835,4,22,18.18
Starch and sucrose metabolism,5/59,6/252,0.8333333333333334,3.559322033898305,3.501202414943779,0.0030188806594106496,0.18113283956463896,0.16842176310396254,C00031/C00095/C00103/C00208/C00721,5,37,13.51
Biosynthesis of cofactors,16/59,40/252,0.4,1.7084745762711866,2.69569372311898,0.008091668402233033,0.24666030467842748,0.22935080961327467,C00016/C00021/C00025/C00051/C00065/C00078/C00099/C00103/C00127/C00250/C00275/C00328/C00668/C00864/C02477/C02483,16,329,4.86
Biosynthesis of nucleotide sugars,7/59,12/252,0.5833333333333334,2.4915254237288136,2.9214595312224465,0.008222010155947583,0.24666030467842748,0.22935080961327467,C00095/C00103/C00137/C00270/C00275/C00357/C00668,7,190,3.68
Insulin resistance,3/59,3/252,1,4.271186440677966,3.1452159054171127,0.012335040789224054,0.24670081578448108,0.22938847783469293,C00031/C00095/C02571,3,17,17.65
Streptomycin biosynthesis,3/59,3/252,1,4.271186440677966,3.1452159054171127,0.012335040789224054,0.24670081578448108,0.22938847783469293,C00031/C00103/C00137,3,24,12.5
Galactose metabolism,5/59,8/252,0.625,2.669491525423729,2.648003234420609,0.018884624090218648,0.3237364129751768,0.301018068204989,C00031/C00095/C00103/C00137/C00668,5,46,10.87
Amino sugar and nucleotide sugar metabolism,6/59,11/252,0.5454545454545454,2.3297380585516176,2.488502791558643,0.022468718054915553,0.3370307708237333,0.3133794886606643,C00031/C00095/C00103/C00275/C00357/C00668,6,73,8.22
Biosynthesis of various nucleotide sugars,3/59,4/252,0.75,3.2033898305084745,2.451205418455877,0.04101772599790168,0.35158050855344297,0.32690819216372774,C00103/C00270/C00275,3,111,2.7
Chemical carcinogenesis - reactive oxygen species,3/59,4/252,0.75,3.2033898305084745,2.451205418455877,0.04101772599790168,0.35158050855344297,0.32690819216372774,C00021/C00051/C00127,3,49,6.12
Diabetic cardiomyopathy,4/59,6/252,0.6666666666666666,2.847457627118644,2.527358034628291,0.028191617318978828,0.35158050855344297,0.32690819216372774,C00031/C00051/C00095/C00127,4,32,12.5
Ferroptosis,5/59,9/252,0.5555555555555556,2.3728813559322033,2.314383568167981,0.034828571506701315,0.35158050855344297,0.32690819216372774,C00025/C00051/C00127/C00219/C02477,5,25,20
Inositol phosphate metabolism,3/59,4/252,0.75,3.2033898305084745,2.451205418455877,0.04101772599790168,0.35158050855344297,0.32690819216372774,C00137/C01177/C06153,3,47,6.38
Tryptophan metabolism,3/59,4/252,0.75,3.2033898305084745,2.451205418455877,0.04101772599790168,0.35158050855344297,0.32690819216372774,C00078/C00328/C00954,3,83,3.61
Phosphotransferase system (PTS),6/59,13/252,0.46153846153846156,1.971316818774446,1.9843480399577944,0.05574495721893358,0.41808717914200183,0.38874772797414203,C00031/C00095/C00208/C00275/C00357/C01094,6,57,10.53
Tyrosine metabolism,4/59,7/252,0.5714285714285714,2.440677966101695,2.1331289211723514,0.054251198359507466,0.41808717914200183,0.38874772797414203,C00122/C00642/C05576/C05584,4,78,5.13
Taste transduction,4/59,8/252,0.5,2.135593220338983,1.8011798650373685,0.08961777262879625,0.6325960420856206,0.5882033373778578,C00025/C00031/C00095/C00208,4,28,14.29
African trypanosomiasis,2/59,3/252,0.6666666666666666,2.847457627118644,1.7763136460645872,0.13763308670081575,0.6848046433571012,0.6367481771566029,C00078/C00328,2,6,33.33
Arachidonic acid metabolism,3/59,6/252,0.5,2.135593220338983,1.5535136543128025,0.14266763403272942,0.6848046433571012,0.6367481771566029,C00219/C04805/C14732,3,79,3.8
C5-Branched dibasic acid metabolism,2/59,3/252,0.6666666666666666,2.847457627118644,1.7763136460645872,0.13763308670081575,0.6848046433571012,0.6367481771566029,C00025/C02630,2,35,5.71
FoxO signaling pathway,2/59,3/252,0.6666666666666666,2.847457627118644,1.7763136460645872,0.13763308670081575,0.6848046433571012,0.6367481771566029,C00025/C00031,2,5,40
Glycolysis / Gluconeogenesis,3/59,6/252,0.5,2.135593220338983,1.5535136543128025,0.14266763403272942,0.6848046433571012,0.6367481771566029,C00031/C00103/C00668,3,31,9.68
Staurosporine biosynthesis,2/59,3/252,0.6666666666666666,2.847457627118644,1.7763136460645872,0.13763308670081575,0.6848046433571012,0.6367481771566029,C00078/C00135,2,48,4.17
Vitamin B6 metabolism,2/59,3/252,0.6666666666666666,2.847457627118644,1.7763136460645872,0.13763308670081575,0.6848046433571012,0.6367481771566029,C00250/C00847,2,29,6.9
Vitamin digestion and absorption,4/59,9/252,0.4444444444444444,1.8983050847457628,1.5143497421346046,0.13344913352647222,0.6848046433571012,0.6367481771566029,C00016/C00250/C00864/C02477,4,39,10.26
Biosynthesis of unsaturated fatty acids,6/59,17/252,0.35294117647058826,1.5074775672981058,1.1956156495299477,0.18101797039100934,0.7899221026468676,0.7344889726365612,C00219/C08316/C08323/C16525/C16526/C16533,6,74,8.11
Fructose and mannose metabolism,4/59,10/252,0.4,1.7084745762711866,1.2615393430278743,0.18431515728426912,0.7899221026468676,0.7344889726365612,C00095/C00275/C00464/C01094,4,55,7.27
Glucagon signaling pathway,4/59,10/252,0.4,1.7084745762711866,1.2615393430278743,0.18431515728426912,0.7899221026468676,0.7344889726365612,C00031/C00103/C00122/C00668,4,25,16
Bacterial chemotaxis,2/59,4/252,0.5,2.135593220338983,1.2633135618195674,0.23424844740372994,0.8015532091039583,0.7453038610966629,C00208/C00716,2,6,33.33
Butanoate metabolism,3/59,7/252,0.42857142857142855,1.8305084745762712,1.2296860839699437,0.20897996078764589,0.8015532091039583,0.7453038610966629,C00025/C00122/C02630,3,47,6.38
Histidine metabolism,4/59,11/252,0.36363636363636365,1.5531587057010787,1.035194092896353,0.24046596273118748,0.8015532091039583,0.7453038610966629,C00025/C00135/C00785/C05570,4,47,8.51
Inflammatory mediator regulation of TRP channels,2/59,4/252,0.5,2.135593220338983,1.2633135618195674,0.23424844740372994,0.8015532091039583,0.7453038610966629,C00219/C04805,2,32,6.25
One carbon pool by folate,4/59,11/252,0.36363636363636365,1.5531587057010787,1.035194092896353,0.24046596273118748,0.8015532091039583,0.7453038610966629,C00021/C00065/C00213/C00440,4,26,15.38
Phenylalanine metabolism,3/59,7/252,0.42857142857142855,1.8305084745762712,1.2296860839699437,0.20897996078764589,0.8015532091039583,0.7453038610966629,C00122/C00642/C04148,3,49,6.12
Serotonergic synapse,2/59,4/252,0.5,2.135593220338983,1.2633135618195674,0.23424844740372994,0.8015532091039583,0.7453038610966629,C00078/C00219,2,39,5.13
Ubiquinone and other terpenoid-quinone biosynthesis,2/59,4/252,0.5,2.135593220338983,1.2633135618195674,0.23424844740372994,0.8015532091039583,0.7453038610966629,C02477/C02483,2,74,2.7
Pentose phosphate pathway,3/59,8/252,0.375,1.6016949152542372,0.9543564956541281,0.2805972736829558,0.9100452119447215,0.8461823900538639,C00031/C00345/C00668,3,37,8.11
ABC transporters,11/59,50/252,0.22,0.9396610169491525,-0.26296110487193164,0.6675082601967326,0.9613854259617868,0.893919782034644,C00025/C00031/C00051/C00065/C00095/C00134/C00135/C00137/C00208/C01177/C01835,11,129,8.53
"Alanine, aspartate and glutamate metabolism",4/59,13/252,0.3076923076923077,1.3142112125162975,0.6419166142682261,0.36129601113974075,0.9613854259617868,0.893919782034644,C00025/C00122/C01042/C12270,4,27,14.81
Alcoholism,1/59,3/252,0.3333333333333333,1.423728813559322,0.40741138671206134,0.5524128248909125,0.9613854259617868,0.893919782034644,C00025,1,8,12.5
Aldosterone synthesis and secretion,1/59,5/252,0.2,0.8542372881355933,-0.1816632908427038,0.7397192729277217,0.9613854259617868,0.893919782034644,C00219,1,19,5.26
Aminoacyl-tRNA biosynthesis,4/59,20/252,0.2,0.8542372881355933,-0.37488810183911003,0.7335517474108095,0.9613854259617868,0.893919782034644,C00025/C00065/C00078/C00135,4,52,7.69
Amoebiasis,1/59,3/252,0.3333333333333333,1.423728813559322,0.40741138671206134,0.5524128248909125,0.9613854259617868,0.893919782034644,C00219,1,10,10
AMPK signaling pathway,2/59,5/252,0.4,1.7084745762711866,0.8829680880494204,0.33346099522231354,0.9613854259617868,0.893919782034644,C00031/C00668,2,19,10.53
Antifolate resistance,1/59,4/252,0.25,1.0677966101694916,0.07542170518325775,0.6584676173866401,0.9613854259617868,0.893919782034644,C00440,1,17,5.88
Arginine and proline metabolism,3/59,17/252,0.17647058823529413,0.7537387836490529,-0.5801906982984226,0.8066344593249042,0.9613854259617868,0.893919782034644,C00025/C00134/C00213,3,70,4.29
Arginine biosynthesis,2/59,10/252,0.2,0.8542372881355933,-0.2595511566995149,0.7238959000399253,0.9613854259617868,0.893919782034644,C00025/C00122,2,21,9.52
Ascorbate and aldarate metabolism,1/59,8/252,0.125,0.5338983050847458,-0.7392902431123527,0.8856710364213092,0.9613854259617868,0.893919782034644,C00137,1,57,1.75
beta-Alanine metabolism,3/59,12/252,0.25,1.0677966101694916,0.1327936150555659,0.5625217864737497,0.9613854259617868,0.893919782034644,C00099/C00135/C00864,3,32,9.38
Bile secretion,2/59,15/252,0.13333333333333333,0.5694915254237288,-0.948718509082205,0.9048198477039583,0.9613854259617868,0.893919782034644,C00031/C00051,2,90,2.22
Biosynthesis of alkaloids derived from histidine and purine,3/59,13/252,0.23076923076923078,0.985658409387223,-0.029299098576557932,0.6228895190739526,0.9613854259617868,0.893919782034644,C00122/C00135/C00668,3,35,8.57
"Biosynthesis of alkaloids derived from ornithine, lysine and nicotinic acid",4/59,18/252,0.2222222222222222,0.9491525423728814,-0.12353265598918965,0.6450523174360043,0.9613854259617868,0.893919782034644,C00025/C00122/C00134/C00668,4,67,5.97
Biosynthesis of alkaloids derived from shikimate pathway,3/59,13/252,0.23076923076923078,0.985658409387223,-0.029299098576557932,0.6228895190739526,0.9613854259617868,0.893919782034644,C00078/C00122/C00668,3,143,2.1
Biosynthesis of alkaloids derived from terpenoid and polyketide,2/59,9/252,0.2222222222222222,0.9491525423728814,-0.08571790993214749,0.6645100904822022,0.9613854259617868,0.893919782034644,C00122/C00668,2,48,4.17
Biosynthesis of phenylpropanoids,3/59,11/252,0.2727272727272727,1.1648690292758088,0.30853974356520825,0.4969046858213557,0.9613854259617868,0.893919782034644,C00078/C00122/C00668,3,106,2.83
Biosynthesis of plant hormones,4/59,16/252,0.25,1.0677966101694916,0.15463086367008683,0.5401510692969369,0.9613854259617868,0.893919782034644,C00078/C00122/C00668/C00954,4,68,5.88
Biosynthesis of plant secondary metabolites,9/59,45/252,0.2,0.8542372881355933,-0.5953217309273889,0.7827819251327188,0.9613854259617868,0.893919782034644,C00025/C00065/C00078/C00103/C00122/C00134/C00135/C00668/C02477,9,141,6.38
Biosynthesis of secondary metabolites,20/59,83/252,0.24096385542168675,1.0292015519705944,0.1792610101533066,0.48763557643960964,0.9613854259617868,0.893919782034644,C00016/C00025/C00031/C00065/C00078/C00095/C00099/C00103/C00122/C00134/C00135/C00137/C00208/C00275/C00345/C00668/C00721/C00864/C02477/C02483,20,2307,0.87
Biosynthesis of terpenoids and steroids,1/59,8/252,0.125,0.5338983050847458,-0.7392902431123527,0.8856710364213092,0.9613854259617868,0.893919782034644,C00122,1,98,1.02
Biosynthesis of various alkaloids,1/59,7/252,0.14285714285714285,0.6101694915254238,-0.5771995904348715,0.8494053974366707,0.9613854259617868,0.893919782034644,C00078,1,77,1.3
Biosynthesis of various antibiotics,2/59,7/252,0.2857142857142857,1.2203389830508475,0.32624324676753613,0.5168087618288898,0.9613854259617868,0.893919782034644,C00025/C00065,2,101,1.98
Biosynthesis of various other secondary metabolites,3/59,9/252,0.3333333333333333,1.423728813559322,0.7143159161012286,0.3541713437611972,0.9613854259617868,0.893919782034644,C00025/C00065/C00078,3,64,4.69
Biosynthesis of various plant secondary metabolites,1/59,8/252,0.125,0.5338983050847458,-0.7392902431123527,0.8856710364213092,0.9613854259617868,0.893919782034644,C00078,1,148,0.68
Carbapenem biosynthesis,1/59,3/252,0.3333333333333333,1.423728813559322,0.40741138671206134,0.5524128248909125,0.9613854259617868,0.893919782034644,C00025,1,32,3.12
Carbon metabolism,6/59,22/252,0.2727272727272727,1.1648690292758088,0.4466534731085069,0.41238560347234265,0.9613854259617868,0.893919782034644,C00025/C00065/C00122/C00345/C00440/C00668,6,113,5.31
Central carbon metabolism in cancer,6/59,26/252,0.23076923076923078,0.985658409387223,-0.04261024071915681,0.6000575434996036,0.9613854259617868,0.893919782034644,C00025/C00031/C00065/C00078/C00122/C00135,6,36,16.67
Citrate cycle (TCA cycle),1/59,6/252,0.16666666666666666,0.711864406779661,-0.39417510631817365,0.8018915923498449,0.9613854259617868,0.893919782034644,C00122,1,20,5
Cobalamin transport and metabolism,1/59,3/252,0.3333333333333333,1.423728813559322,0.40741138671206134,0.5524128248909125,0.9613854259617868,0.893919782034644,C00440,1,14,7.14
Cyanoamino acid metabolism,1/59,9/252,0.1111111111111111,0.4745762711864407,-0.8857517359655236,0.9133161546636975,0.9613854259617868,0.893919782034644,C00065,1,44,2.27
Cysteine and methionine metabolism,3/59,12/252,0.25,1.0677966101694916,0.1327936150555659,0.5625217864737497,0.9613854259617868,0.893919782034644,C00021/C00051/C00065,3,68,4.41
D-Amino acid metabolism,4/59,19/252,0.21052631578947367,0.8991971454058875,-0.25214820620277373,0.6914553940810217,0.9613854259617868,0.893919782034644,C00025/C00065/C00134/C00135,4,69,5.8
Degradation of aromatic compounds,2/59,8/252,0.25,1.0677966101694916,0.10753312627088767,0.5955459245442012,0.9613854259617868,0.893919782034644,C00122/C00642,2,262,0.76
Efferocytosis,2/59,10/252,0.2,0.8542372881355933,-0.2595511566995149,0.7238959000399253,0.9613854259617868,0.893919782034644,C00031/C00134,2,20,10
Folate transport and metabolism,2/59,6/252,0.3333333333333333,1.423728813559322,0.5796692739973145,0.428857675817106,0.9613854259617868,0.893919782034644,C00021/C00440,2,19,10.53
GABAergic synapse,1/59,4/252,0.25,1.0677966101694916,0.07542170518325775,0.6584676173866401,0.9613854259617868,0.893919782034644,C00025,1,6,16.67
Glucosinolate biosynthesis,1/59,9/252,0.1111111111111111,0.4745762711864407,-0.8857517359655236,0.9133161546636975,0.9613854259617868,0.893919782034644,C00078,1,77,1.3
Glutathione metabolism,4/59,13/252,0.3076923076923077,1.3142112125162975,0.6419166142682261,0.36129601113974075,0.9613854259617868,0.893919782034644,C00025/C00051/C00127/C00134,4,37,10.81
Glycerolipid metabolism,1/59,6/252,0.16666666666666666,0.711864406779661,-0.39417510631817365,0.8018915923498449,0.9613854259617868,0.893919782034644,C00103,1,37,2.7
Glycerophospholipid metabolism,1/59,7/252,0.14285714285714285,0.6101694915254238,-0.5771995904348715,0.8494053974366707,0.9613854259617868,0.893919782034644,C00065,1,56,1.79
"Glycine, serine and threonine metabolism",3/59,16/252,0.1875,0.8008474576271186,-0.4542281620308801,0.7691992276352313,0.9613854259617868,0.893919782034644,C00065/C00078/C00213,3,46,6.52
Glyoxylate and dicarboxylate metabolism,2/59,13/252,0.15384615384615385,0.6571056062581487,-0.700514811421342,0.8519402939637173,0.9613854259617868,0.893919782034644,C00025/C00065,2,60,3.33
HIF-1 signaling pathway,1/59,3/252,0.3333333333333333,1.423728813559322,0.40741138671206134,0.5524128248909125,0.9613854259617868,0.893919782034644,C00031,1,10,10
Linoleic acid metabolism,1/59,3/252,0.3333333333333333,1.423728813559322,0.40741138671206134,0.5524128248909125,0.9613854259617868,0.893919782034644,C00219,1,29,3.45
Metabolic pathways,49/59,219/252,0.2237442922374429,0.9556535871836545,-1.0007089754382004,0.8873629353445127,0.9613854259617868,0.893919782034644,C00016/C00021/C00025/C00031/C00051/C00055/C00065/C00078/C00095/C00099/C00103/C00122/C00127/C00134/C00135/C00137/C00208/C00213/C00219/C00250/C00270/C00275/C00328/C00345/C00357/C00440/C00464/C00642/C00668/C00721/C00785/C00847/C00864/C00954/C01042/C01094/C01177/C02067/C02477/C02483/C02630/C02727/C04805/C05570/C05576/C05584/C06153/C12270/C14732,49,3128,1.57
Microbial metabolism in diverse environments,14/59,59/252,0.23728813559322035,1.0135018672795175,0.0653921170926916,0.5371955545272358,0.9613854259617868,0.893919782034644,C00025/C00065/C00095/C00103/C00122/C00137/C00250/C00345/C00440/C00642/C00668/C00847/C01094/C06153,14,1091,1.28
Mineral absorption,3/59,15/252,0.2,0.8542372881355933,-0.3212196526813765,0.726252697946801,0.9613854259617868,0.893919782034644,C00031/C00065/C00078,3,18,16.67
Monobactam biosynthesis,1/59,5/252,0.2,0.8542372881355933,-0.1816632908427038,0.7397192729277217,0.9613854259617868,0.893919782034644,C00065,1,39,2.56
Neuroactive ligand-receptor interaction,3/59,12/252,0.25,1.0677966101694916,0.1327936150555659,0.5625217864737497,0.9613854259617868,0.893919782034644,C00025/C00099/C12270,3,53,5.66
Other carbon fixation pathways,2/59,8/252,0.25,1.0677966101694916,0.10753312627088767,0.5955459245442012,0.9613854259617868,0.893919782034644,C00122/C00440,2,42,4.76
Ovarian steroidogenesis,1/59,4/252,0.25,1.0677966101694916,0.07542170518325775,0.6584676173866401,0.9613854259617868,0.893919782034644,C00219,1,24,4.17
Oxidative phosphorylation,1/59,5/252,0.2,0.8542372881355933,-0.1816632908427038,0.7397192729277217,0.9613854259617868,0.893919782034644,C00122,1,8,12.5
Pantothenate and CoA biosynthesis,2/59,10/252,0.2,0.8542372881355933,-0.2595511566995149,0.7238959000399253,0.9613854259617868,0.893919782034644,C00099/C00864,2,30,6.67
Pathways in cancer,1/59,7/252,0.14285714285714285,0.6101694915254238,-0.5771995904348715,0.8494053974366707,0.9613854259617868,0.893919782034644,C00122,1,26,3.85
Pathways of neurodegeneration - multiple diseases,1/59,4/252,0.25,1.0677966101694916,0.07542170518325775,0.6584676173866401,0.9613854259617868,0.893919782034644,C00025,1,23,4.35
Pentose and glucuronate interconversions,1/59,9/252,0.1111111111111111,0.4745762711864407,-0.8857517359655236,0.9133161546636975,0.9613854259617868,0.893919782034644,C00103,1,59,1.69
"Phenylalanine, tyrosine and tryptophan biosynthesis",2/59,6/252,0.3333333333333333,1.423728813559322,0.5796692739973145,0.428857675817106,0.9613854259617868,0.893919782034644,C00078/C01094,2,35,5.71
Porphyrin metabolism,1/59,5/252,0.2,0.8542372881355933,-0.1816632908427038,0.7397192729277217,0.9613854259617868,0.893919782034644,C00025,1,145,0.69
Primary bile acid biosynthesis,1/59,6/252,0.16666666666666666,0.711864406779661,-0.39417510631817365,0.8018915923498449,0.9613854259617868,0.893919782034644,C17337,1,47,2.13
Propanoate metabolism,1/59,5/252,0.2,0.8542372881355933,-0.1816632908427038,0.7397192729277217,0.9613854259617868,0.893919782034644,C00099,1,42,2.38
Protein digestion and absorption,6/59,25/252,0.24,1.025084745762712,0.07292072729324614,0.5555466606944834,0.9613854259617868,0.893919782034644,C00025/C00065/C00078/C00099/C00134/C00135,6,40,15
Proximal tubule bicarbonate reclamation,1/59,4/252,0.25,1.0677966101694916,0.07542170518325775,0.6584676173866401,0.9613854259617868,0.893919782034644,C00025,1,9,11.11
Pyrimidine metabolism,3/59,14/252,0.21428571428571427,0.9152542372881356,-0.18004362318373912,0.6775166913279969,0.9613854259617868,0.893919782034644,C00055/C00099/C02067,3,66,4.55
Pyruvate metabolism,1/59,6/252,0.16666666666666666,0.711864406779661,-0.39417510631817365,0.8018915923498449,0.9613854259617868,0.893919782034644,C00122,1,32,3.12
Regulation of lipolysis in adipocytes,1/59,6/252,0.16666666666666666,0.711864406779661,-0.39417510631817365,0.8018915923498449,0.9613854259617868,0.893919782034644,C00219,1,13,7.69
Retrograde endocannabinoid signaling,2/59,5/252,0.4,1.7084745762711866,0.8829680880494204,0.33346099522231354,0.9613854259617868,0.893919782034644,C00025/C00219,2,16,12.5
Riboflavin metabolism,1/59,3/252,0.3333333333333333,1.423728813559322,0.40741138671206134,0.5524128248909125,0.9613854259617868,0.893919782034644,C00016,1,24,4.17
Sphingolipid metabolism,1/59,5/252,0.2,0.8542372881355933,-0.1816632908427038,0.7397192729277217,0.9613854259617868,0.893919782034644,C00065,1,35,2.86
Sphingolipid signaling pathway,1/59,5/252,0.2,0.8542372881355933,-0.1816632908427038,0.7397192729277217,0.9613854259617868,0.893919782034644,C00065,1,14,7.14
Sulfur metabolism,1/59,8/252,0.125,0.5338983050847458,-0.7392902431123527,0.8856710364213092,0.9613854259617868,0.893919782034644,C00065,1,44,2.27
Synaptic vesicle cycle,1/59,4/252,0.25,1.0677966101694916,0.07542170518325775,0.6584676173866401,0.9613854259617868,0.893919782034644,C00025,1,10,10
Taurine and hypotaurine metabolism,1/59,5/252,0.2,0.8542372881355933,-0.1816632908427038,0.7397192729277217,0.9613854259617868,0.893919782034644,C00025,1,24,4.17
"Tropane, piperidine and pyridine alkaloid biosynthesis",1/59,8/252,0.125,0.5338983050847458,-0.7392902431123527,0.8856710364213092,0.9613854259617868,0.893919782034644,C00134,1,72,1.39
Two-component system,3/59,11/252,0.2727272727272727,1.1648690292758088,0.30853974356520825,0.4969046858213557,0.9613854259617868,0.893919782034644,C00025/C00031/C00122,3,45,6.67
Vancomycin resistance,1/59,4/252,0.25,1.0677966101694916,0.07542170518325775,0.6584676173866401,0.9613854259617868,0.893919782034644,C00065,1,24,4.17
Methane metabolism,1/59,10/252,0.1,0.42711864406779665,-1.0200964065632097,0.9343628496218944,0.966582258229546,0.8987519243187005,C00065,1,87,1.15
Nicotinate and nicotinamide metabolism,1/59,10/252,0.1,0.42711864406779665,-1.0200964065632097,0.9343628496218944,0.966582258229546,0.8987519243187005,C00122,1,55,1.82
2-Oxocarboxylic acid metabolism,2/59,19/252,0.10526315789473684,0.44959857270294373,-1.3767738338682418,0.9625868161796658,0.9741177860158742,0.9057586431375673,C00025/C00078,2,144,1.39
Biosynthesis of amino acids,5/59,37/252,0.13513513513513514,0.5771873568483739,-1.536433647202539,0.9660001377990752,0.9741177860158742,0.9057586431375673,C00021/C00025/C00065/C00078/C00135,5,126,3.97
Lysine degradation,1/59,11/252,0.09090909090909091,0.3882896764252697,-1.1447689550970817,0.9503652953752342,0.9741177860158742,0.9057586431375673,C02727,1,56,1.79
Nucleotide metabolism,1/59,18/252,0.05555555555555555,0.23728813559322035,-1.8529898398378437,0.9932448418102174,0.9932448418102174,0.9235434494024829,C00055,1,58,1.72
"1,2-Diphenyl substitution family",NA,NA,NA,NA,NA,NA,NA,NA,NA,0,2,0
Acarbose and validamycin biosynthesis,NA,NA,NA,NA,NA,NA,NA,NA,NA,0,36,0
Acute myeloid leukemia,NA,NA,NA,NA,NA,NA,NA,NA,NA,0,1,0
Adipocytokine signaling pathway,NA,NA,NA,NA,NA,NA,NA,NA,NA,0,6,0
Adrenergic signaling in cardiomyocytes,NA,NA,NA,NA,NA,NA,NA,NA,NA,0,6,0
Aflatoxin biosynthesis,NA,NA,NA,NA,NA,NA,NA,NA,NA,0,27,0
AGE-RAGE signaling pathway in diabetic complications,NA,NA,NA,NA,NA,NA,NA,NA,NA,0,8,0
Alcoholic liver disease,NA,NA,NA,NA,NA,NA,NA,NA,NA,0,9,0
Aldosterone-regulated sodium reabsorption,NA,NA,NA,NA,NA,NA,NA,NA,NA,0,5,0
alpha-Linolenic acid metabolism,NA,NA,NA,NA,NA,NA,NA,NA,NA,0,44,0
Alzheimer disease,NA,NA,NA,NA,NA,NA,NA,NA,NA,0,11,0
Aminobenzoate degradation,NA,NA,NA,NA,NA,NA,NA,NA,NA,0,86,0
Amphetamine addiction,NA,NA,NA,NA,NA,NA,NA,NA,NA,0,6,0
Amyotrophic lateral sclerosis,NA,NA,NA,NA,NA,NA,NA,NA,NA,0,7,0
Angiotensin receptor and endothelin receptor antagonists,NA,NA,NA,NA,NA,NA,NA,NA,NA,0,4,0
Anthocyanin biosynthesis,NA,NA,NA,NA,NA,NA,NA,NA,NA,0,66,0
Anti-HIV agents,NA,NA,NA,NA,NA,NA,NA,NA,NA,0,1,0
Antiarrhythmic drugs,NA,NA,NA,NA,NA,NA,NA,NA,NA,0,3,0
Anticonvulsants,NA,NA,NA,NA,NA,NA,NA,NA,NA,0,4,0
Antifungal agents,NA,NA,NA,NA,NA,NA,NA,NA,NA,0,3,0
Antineoplastics - agents from natural products,NA,NA,NA,NA,NA,NA,NA,NA,NA,0,1,0
Antineoplastics - alkylating agents,NA,NA,NA,NA,NA,NA,NA,NA,NA,0,3,0
Anxiolytics,NA,NA,NA,NA,NA,NA,NA,NA,NA,0,1,0
Apelin signaling pathway,NA,NA,NA,NA,NA,NA,NA,NA,NA,0,5,0
Apoptosis,NA,NA,NA,NA,NA,NA,NA,NA,NA,0,2,0
Apoptosis - fly,NA,NA,NA,NA,NA,NA,NA,NA,NA,0,1,0
Arabinogalactan biosynthesis - Mycobacterium,NA,NA,NA,NA,NA,NA,NA,NA,NA,0,8,0
Asthma,NA,NA,NA,NA,NA,NA,NA,NA,NA,0,5,0
Atrazine degradation,NA,NA,NA,NA,NA,NA,NA,NA,NA,0,22,0
Autoimmune thyroid disease,NA,NA,NA,NA,NA,NA,NA,NA,NA,0,3,0
Autophagy - animal,NA,NA,NA,NA,NA,NA,NA,NA,NA,0,6,0
Autophagy - other,NA,NA,NA,NA,NA,NA,NA,NA,NA,0,3,0
Autophagy - yeast,NA,NA,NA,NA,NA,NA,NA,NA,NA,0,3,0
Axon regeneration,NA,NA,NA,NA,NA,NA,NA,NA,NA,0,6,0
B cell receptor signaling pathway,NA,NA,NA,NA,NA,NA,NA,NA,NA,0,3,0
Bacterial secretion system,NA,NA,NA,NA,NA,NA,NA,NA,NA,0,1,0
Basal cell carcinoma,NA,NA,NA,NA,NA,NA,NA,NA,NA,0,1,0
Benzoate degradation,NA,NA,NA,NA,NA,NA,NA,NA,NA,0,77,0
Benzodiazepine family,NA,NA,NA,NA,NA,NA,NA,NA,NA,0,6,0
Benzoic acid family,NA,NA,NA,NA,NA,NA,NA,NA,NA,0,2,0
Benzoxazinoid biosynthesis,NA,NA,NA,NA,NA,NA,NA,NA,NA,0,9,0
beta-Adrenergic receptor agonists/antagonists,NA,NA,NA,NA,NA,NA,NA,NA,NA,0,1,0
beta-Lactam resistance,NA,NA,NA,NA,NA,NA,NA,NA,NA,0,3,0
Betalain biosynthesis,NA,NA,NA,NA,NA,NA,NA,NA,NA,0,23,0
Biofilm formation - Escherichia coli,NA,NA,NA,NA,NA,NA,NA,NA,NA,0,6,0
Biofilm formation - Pseudomonas aeruginosa,NA,NA,NA,NA,NA,NA,NA,NA,NA,0,8,0
Biofilm formation - Vibrio cholerae,NA,NA,NA,NA,NA,NA,NA,NA,NA,0,8,0
"Biosynthesis of 12-, 14- and 16-membered macrolides",NA,NA,NA,NA,NA,NA,NA,NA,NA,0,87,0
Biosynthesis of ansamycins,NA,NA,NA,NA,NA,NA,NA,NA,NA,0,32,0
Biosynthesis of enediyne antibiotics,NA,NA,NA,NA,NA,NA,NA,NA,NA,0,63,0
Biosynthesis of siderophore group nonribosomal peptides,NA,NA,NA,NA,NA,NA,NA,NA,NA,0,24,0
Biosynthesis of type II polyketide backbone,NA,NA,NA,NA,NA,NA,NA,NA,NA,0,24,0
Biosynthesis of type II polyketide products,NA,NA,NA,NA,NA,NA,NA,NA,NA,0,138,0
Biosynthesis of vancomycin group antibiotics,NA,NA,NA,NA,NA,NA,NA,NA,NA,0,19,0
Biotin metabolism,NA,NA,NA,NA,NA,NA,NA,NA,NA,0,29,0
Bisphenol degradation,NA,NA,NA,NA,NA,NA,NA,NA,NA,0,25,0
Brassinosteroid biosynthesis,NA,NA,NA,NA,NA,NA,NA,NA,NA,0,29,0
Breast cancer,NA,NA,NA,NA,NA,NA,NA,NA,NA,0,3,0
C-type lectin receptor signaling pathway,NA,NA,NA,NA,NA,NA,NA,NA,NA,0,8,0
Caffeine metabolism,NA,NA,NA,NA,NA,NA,NA,NA,NA,0,22,0
Calcium signaling pathway,NA,NA,NA,NA,NA,NA,NA,NA,NA,0,9,0
cAMP signaling pathway,NA,NA,NA,NA,NA,NA,NA,NA,NA,0,19,0
Caprolactam degradation,NA,NA,NA,NA,NA,NA,NA,NA,NA,0,26,0
Carbon fixation by Calvin cycle,NA,NA,NA,NA,NA,NA,NA,NA,NA,0,19,0
Carotenoid biosynthesis,NA,NA,NA,NA,NA,NA,NA,NA,NA,0,123,0
Catecholamine transferase inhibitors,NA,NA,NA,NA,NA,NA,NA,NA,NA,0,5,0
Cationic antimicrobial peptide (CAMP) resistance,NA,NA,NA,NA,NA,NA,NA,NA,NA,0,13,0
Cell cycle - Caulobacter,NA,NA,NA,NA,NA,NA,NA,NA,NA,0,1,0
Cell cycle - yeast,NA,NA,NA,NA,NA,NA,NA,NA,NA,0,2,0
Cellular senescence,NA,NA,NA,NA,NA,NA,NA,NA,NA,0,2,0
Cephalosporins - oral agents,NA,NA,NA,NA,NA,NA,NA,NA,NA,0,1,0
Cephalosporins - parenteral agents,NA,NA,NA,NA,NA,NA,NA,NA,NA,0,4,0
cGMP-PKG signaling pathway,NA,NA,NA,NA,NA,NA,NA,NA,NA,0,6,0
Chagas disease,NA,NA,NA,NA,NA,NA,NA,NA,NA,0,4,0
Chemical carcinogenesis - DNA adducts,NA,NA,NA,NA,NA,NA,NA,NA,NA,0,76,0
Chemical carcinogenesis - receptor activation,NA,NA,NA,NA,NA,NA,NA,NA,NA,0,28,0
Chemokine signaling pathway,NA,NA,NA,NA,NA,NA,NA,NA,NA,0,4,0
Chloroalkane and chloroalkene degradation,NA,NA,NA,NA,NA,NA,NA,NA,NA,0,42,0
Chlorocyclohexane and chlorobenzene degradation,NA,NA,NA,NA,NA,NA,NA,NA,NA,0,82,0
Cholesterol metabolism,NA,NA,NA,NA,NA,NA,NA,NA,NA,0,9,0
Choline metabolism in cancer,NA,NA,NA,NA,NA,NA,NA,NA,NA,0,10,0
Cholinergic and anticholinergic drugs,NA,NA,NA,NA,NA,NA,NA,NA,NA,0,2,0
Cholinergic synapse,NA,NA,NA,NA,NA,NA,NA,NA,NA,0,9,0
Chronic myeloid leukemia,NA,NA,NA,NA,NA,NA,NA,NA,NA,0,1,0
Circadian entrainment,NA,NA,NA,NA,NA,NA,NA,NA,NA,0,5,0
Circadian rhythm,NA,NA,NA,NA,NA,NA,NA,NA,NA,0,1,0
Clavulanic acid biosynthesis,NA,NA,NA,NA,NA,NA,NA,NA,NA,0,10,0
Cocaine addiction,NA,NA,NA,NA,NA,NA,NA,NA,NA,0,6,0
Collecting duct acid secretion,NA,NA,NA,NA,NA,NA,NA,NA,NA,0,1,0
Colorectal cancer,NA,NA,NA,NA,NA,NA,NA,NA,NA,0,1,0
Complement and coagulation cascades,NA,NA,NA,NA,NA,NA,NA,NA,NA,0,31,0
Coronavirus disease - COVID-19,NA,NA,NA,NA,NA,NA,NA,NA,NA,0,7,0
Cortisol synthesis and secretion,NA,NA,NA,NA,NA,NA,NA,NA,NA,0,10,0
Cushing syndrome,NA,NA,NA,NA,NA,NA,NA,NA,NA,0,11,0
"Cutin, suberine and wax biosynthesis",NA,NA,NA,NA,NA,NA,NA,NA,NA,0,27,0
Cytosolic DNA-sensing pathway,NA,NA,NA,NA,NA,NA,NA,NA,NA,0,2,0
Degradation of flavonoids,NA,NA,NA,NA,NA,NA,NA,NA,NA,0,40,0
Dilated cardiomyopathy,NA,NA,NA,NA,NA,NA,NA,NA,NA,0,1,0
Dioxin degradation,NA,NA,NA,NA,NA,NA,NA,NA,NA,0,65,0
Diterpenoid biosynthesis,NA,NA,NA,NA,NA,NA,NA,NA,NA,0,114,0
Dopaminergic synapse,NA,NA,NA,NA,NA,NA,NA,NA,NA,0,9,0
Drug metabolism - cytochrome P450,NA,NA,NA,NA,NA,NA,NA,NA,NA,0,87,0
Drug metabolism - other enzymes,NA,NA,NA,NA,NA,NA,NA,NA,NA,0,52,0
EGFR tyrosine kinase inhibitor resistance,NA,NA,NA,NA,NA,NA,NA,NA,NA,0,2,0
Eicosanoids,NA,NA,NA,NA,NA,NA,NA,NA,NA,0,7,0
Endocrine and other factor-regulated calcium reabsorption,NA,NA,NA,NA,NA,NA,NA,NA,NA,0,5,0
Endocrine resistance,NA,NA,NA,NA,NA,NA,NA,NA,NA,0,5,0
Endocytosis,NA,NA,NA,NA,NA,NA,NA,NA,NA,0,6,0
Endometrial cancer,NA,NA,NA,NA,NA,NA,NA,NA,NA,0,1,0
Epithelial cell signaling in Helicobacter pylori infection,NA,NA,NA,NA,NA,NA,NA,NA,NA,0,1,0
Epstein-Barr virus infection,NA,NA,NA,NA,NA,NA,NA,NA,NA,0,2,0
ErbB signaling pathway,NA,NA,NA,NA,NA,NA,NA,NA,NA,0,3,0
Estrogen signaling pathway,NA,NA,NA,NA,NA,NA,NA,NA,NA,0,5,0
Ether lipid metabolism,NA,NA,NA,NA,NA,NA,NA,NA,NA,0,25,0
Ethylbenzene degradation,NA,NA,NA,NA,NA,NA,NA,NA,NA,0,14,0
Fat digestion and absorption,NA,NA,NA,NA,NA,NA,NA,NA,NA,0,12,0
Fatty acid biosynthesis,NA,NA,NA,NA,NA,NA,NA,NA,NA,0,58,0
Fatty acid degradation,NA,NA,NA,NA,NA,NA,NA,NA,NA,0,49,0
Fatty acid elongation,NA,NA,NA,NA,NA,NA,NA,NA,NA,0,39,0
Fatty acid metabolism,NA,NA,NA,NA,NA,NA,NA,NA,NA,0,122,0
Fc epsilon RI signaling pathway,NA,NA,NA,NA,NA,NA,NA,NA,NA,0,10,0
Fc gamma R-mediated phagocytosis,NA,NA,NA,NA,NA,NA,NA,NA,NA,0,7,0
Flavone and flavonol biosynthesis,NA,NA,NA,NA,NA,NA,NA,NA,NA,0,49,0
Flavonoid biosynthesis,NA,NA,NA,NA,NA,NA,NA,NA,NA,0,73,0
Fluid shear stress and atherosclerosis,NA,NA,NA,NA,NA,NA,NA,NA,NA,0,5,0
Fluorobenzoate degradation,NA,NA,NA,NA,NA,NA,NA,NA,NA,0,32,0
Focal adhesion,NA,NA,NA,NA,NA,NA,NA,NA,NA,0,2,0
Folate biosynthesis,NA,NA,NA,NA,NA,NA,NA,NA,NA,0,58,0
Furfural degradation,NA,NA,NA,NA,NA,NA,NA,NA,NA,0,10,0
GABA-A receptor agonists/antagonists,NA,NA,NA,NA,NA,NA,NA,NA,NA,0,3,0
Gap junction,NA,NA,NA,NA,NA,NA,NA,NA,NA,0,9,0
Gastric acid secretion,NA,NA,NA,NA,NA,NA,NA,NA,NA,0,6,0
Gastric cancer,NA,NA,NA,NA,NA,NA,NA,NA,NA,0,4,0
Glioma,NA,NA,NA,NA,NA,NA,NA,NA,NA,0,3,0
Glucocorticoid and mineralocorticoid receptor agonists/antagonists,NA,NA,NA,NA,NA,NA,NA,NA,NA,0,4,0
Glutamatergic synapse,NA,NA,NA,NA,NA,NA,NA,NA,NA,0,5,0
Glycosaminoglycan biosynthesis - chondroitin sulfate / dermatan sulfate,NA,NA,NA,NA,NA,NA,NA,NA,NA,0,5,0
Glycosaminoglycan biosynthesis - heparan sulfate / heparin,NA,NA,NA,NA,NA,NA,NA,NA,NA,0,4,0
Glycosaminoglycan degradation,NA,NA,NA,NA,NA,NA,NA,NA,NA,0,4,0
Glycosylphosphatidylinositol (GPI)-anchor biosynthesis,NA,NA,NA,NA,NA,NA,NA,NA,NA,0,16,0
GnRH secretion,NA,NA,NA,NA,NA,NA,NA,NA,NA,0,6,0
GnRH signaling pathway,NA,NA,NA,NA,NA,NA,NA,NA,NA,0,5,0
Graft-versus-host disease,NA,NA,NA,NA,NA,NA,NA,NA,NA,0,1,0
"Growth hormone synthesis, secretion and action",NA,NA,NA,NA,NA,NA,NA,NA,NA,0,3,0
Hedgehog signaling pathway,NA,NA,NA,NA,NA,NA,NA,NA,NA,0,1,0
Hepatitis C,NA,NA,NA,NA,NA,NA,NA,NA,NA,0,2,0
Hepatocellular carcinoma,NA,NA,NA,NA,NA,NA,NA,NA,NA,0,9,0
Herpes simplex virus 1 infection,NA,NA,NA,NA,NA,NA,NA,NA,NA,0,3,0
Histamine H1 receptor antagonists,NA,NA,NA,NA,NA,NA,NA,NA,NA,0,1,0
Histamine H2/H3 receptor agonists/antagonists,NA,NA,NA,NA,NA,NA,NA,NA,NA,0,10,0
HIV protease inhibitors,NA,NA,NA,NA,NA,NA,NA,NA,NA,0,5,0
HMG-CoA reductase inhibitors,NA,NA,NA,NA,NA,NA,NA,NA,NA,0,3,0
Hormone signaling,NA,NA,NA,NA,NA,NA,NA,NA,NA,0,17,0
Human cytomegalovirus infection,NA,NA,NA,NA,NA,NA,NA,NA,NA,0,5,0
Human immunodeficiency virus 1 infection,NA,NA,NA,NA,NA,NA,NA,NA,NA,0,4,0
Human papillomavirus infection,NA,NA,NA,NA,NA,NA,NA,NA,NA,0,3,0
Human T-cell leukemia virus 1 infection,NA,NA,NA,NA,NA,NA,NA,NA,NA,0,2,0
Huntington disease,NA,NA,NA,NA,NA,NA,NA,NA,NA,0,3,0
Hypertrophic cardiomyopathy,NA,NA,NA,NA,NA,NA,NA,NA,NA,0,1,0
Hypnotics,NA,NA,NA,NA,NA,NA,NA,NA,NA,0,1,0
Indole alkaloid biosynthesis,NA,NA,NA,NA,NA,NA,NA,NA,NA,0,102,0
Indole diterpene alkaloid biosynthesis,NA,NA,NA,NA,NA,NA,NA,NA,NA,0,33,0
Influenza A,NA,NA,NA,NA,NA,NA,NA,NA,NA,0,1,0
Insect hormone biosynthesis,NA,NA,NA,NA,NA,NA,NA,NA,NA,0,25,0
Insulin secretion,NA,NA,NA,NA,NA,NA,NA,NA,NA,0,8,0
Insulin signaling pathway,NA,NA,NA,NA,NA,NA,NA,NA,NA,0,4,0
Intestinal immune network for IgA production,NA,NA,NA,NA,NA,NA,NA,NA,NA,0,2,0
Isoflavonoid biosynthesis,NA,NA,NA,NA,NA,NA,NA,NA,NA,0,64,0
Isoquinoline alkaloid biosynthesis,NA,NA,NA,NA,NA,NA,NA,NA,NA,0,131,0
Kaposi sarcoma-associated herpesvirus infection,NA,NA,NA,NA,NA,NA,NA,NA,NA,0,4,0
Legionellosis,NA,NA,NA,NA,NA,NA,NA,NA,NA,0,2,0
Leishmaniasis,NA,NA,NA,NA,NA,NA,NA,NA,NA,0,4,0
Leukocyte transendothelial migration,NA,NA,NA,NA,NA,NA,NA,NA,NA,0,2,0
Limonene degradation,NA,NA,NA,NA,NA,NA,NA,NA,NA,0,47,0
Lipid and atherosclerosis,NA,NA,NA,NA,NA,NA,NA,NA,NA,0,11,0
Lipoarabinomannan (LAM) biosynthesis,NA,NA,NA,NA,NA,NA,NA,NA,NA,0,2,0
Lipoic acid metabolism,NA,NA,NA,NA,NA,NA,NA,NA,NA,0,42,0
Lipopolysaccharide biosynthesis,NA,NA,NA,NA,NA,NA,NA,NA,NA,0,43,0
Local analgesics,NA,NA,NA,NA,NA,NA,NA,NA,NA,0,7,0
Long-term depression,NA,NA,NA,NA,NA,NA,NA,NA,NA,0,6,0
Long-term potentiation,NA,NA,NA,NA,NA,NA,NA,NA,NA,0,4,0
Longevity regulating pathway,NA,NA,NA,NA,NA,NA,NA,NA,NA,0,7,0
Longevity regulating pathway - multiple species,NA,NA,NA,NA,NA,NA,NA,NA,NA,0,2,0
Longevity regulating pathway - worm,NA,NA,NA,NA,NA,NA,NA,NA,NA,0,9,0
Lysine biosynthesis,NA,NA,NA,NA,NA,NA,NA,NA,NA,0,35,0
Lysosome,NA,NA,NA,NA,NA,NA,NA,NA,NA,0,4,0
Malaria,NA,NA,NA,NA,NA,NA,NA,NA,NA,0,1,0
Mannose type O-glycan biosynthesis,NA,NA,NA,NA,NA,NA,NA,NA,NA,0,4,0
MAPK signaling pathway,NA,NA,NA,NA,NA,NA,NA,NA,NA,0,4,0
Measles,NA,NA,NA,NA,NA,NA,NA,NA,NA,0,1,0
Meiosis - yeast,NA,NA,NA,NA,NA,NA,NA,NA,NA,0,2,0
Melanogenesis,NA,NA,NA,NA,NA,NA,NA,NA,NA,0,5,0
Melanoma,NA,NA,NA,NA,NA,NA,NA,NA,NA,0,1,0
Metabolism of xenobiotics by cytochrome P450,NA,NA,NA,NA,NA,NA,NA,NA,NA,0,121,0
Mitophagy - animal,NA,NA,NA,NA,NA,NA,NA,NA,NA,0,2,0
Monoterpenoid biosynthesis,NA,NA,NA,NA,NA,NA,NA,NA,NA,0,61,0
Morphine addiction,NA,NA,NA,NA,NA,NA,NA,NA,NA,0,5,0
mTOR signaling pathway,NA,NA,NA,NA,NA,NA,NA,NA,NA,0,4,0
Mucin type O-glycan biosynthesis,NA,NA,NA,NA,NA,NA,NA,NA,NA,0,1,0
Mycolic acid biosynthesis,NA,NA,NA,NA,NA,NA,NA,NA,NA,0,34,0
N-Glycan biosynthesis,NA,NA,NA,NA,NA,NA,NA,NA,NA,0,10,0
N-Methyl-D-aspartic acid (NMDA) receptor antagonists,NA,NA,NA,NA,NA,NA,NA,NA,NA,0,2,0
Naphthalene degradation,NA,NA,NA,NA,NA,NA,NA,NA,NA,0,60,0
Naphthalene family,NA,NA,NA,NA,NA,NA,NA,NA,NA,0,5,0
Natural killer cell mediated cytotoxicity,NA,NA,NA,NA,NA,NA,NA,NA,NA,0,3,0
Necroptosis,NA,NA,NA,NA,NA,NA,NA,NA,NA,0,6,0
"Neomycin, kanamycin and gentamicin biosynthesis",NA,NA,NA,NA,NA,NA,NA,NA,NA,0,81,0
Neurotrophin signaling pathway,NA,NA,NA,NA,NA,NA,NA,NA,NA,0,4,0
Neutrophil extracellular trap formation,NA,NA,NA,NA,NA,NA,NA,NA,NA,0,10,0
NF-kappa B signaling pathway,NA,NA,NA,NA,NA,NA,NA,NA,NA,0,2,0
Nicotine addiction,NA,NA,NA,NA,NA,NA,NA,NA,NA,0,4,0
Nicotinic cholinergic receptor antagonists,NA,NA,NA,NA,NA,NA,NA,NA,NA,0,5,0
Nitrogen cycle,NA,NA,NA,NA,NA,NA,NA,NA,NA,0,4,0
Nitrogen metabolism,NA,NA,NA,NA,NA,NA,NA,NA,NA,0,13,0
Nitrotoluene degradation,NA,NA,NA,NA,NA,NA,NA,NA,NA,0,27,0
NOD-like receptor signaling pathway,NA,NA,NA,NA,NA,NA,NA,NA,NA,0,3,0
Non-alcoholic fatty liver disease,NA,NA,NA,NA,NA,NA,NA,NA,NA,0,1,0
Non-small cell lung cancer,NA,NA,NA,NA,NA,NA,NA,NA,NA,0,5,0
Nonribosomal peptide structures,NA,NA,NA,NA,NA,NA,NA,NA,NA,0,17,0
Notch signaling pathway,NA,NA,NA,NA,NA,NA,NA,NA,NA,0,1,0
Novobiocin biosynthesis,NA,NA,NA,NA,NA,NA,NA,NA,NA,0,32,0
Olfactory transduction,NA,NA,NA,NA,NA,NA,NA,NA,NA,0,4,0
Oocyte meiosis,NA,NA,NA,NA,NA,NA,NA,NA,NA,0,3,0
Opioid analgesics,NA,NA,NA,NA,NA,NA,NA,NA,NA,0,3,0
Opioid receptor agonists/antagonists,NA,NA,NA,NA,NA,NA,NA,NA,NA,0,5,0
Osteoclast differentiation,NA,NA,NA,NA,NA,NA,NA,NA,NA,0,1,0
Oxytocin signaling pathway,NA,NA,NA,NA,NA,NA,NA,NA,NA,0,9,0
Pancreatic cancer,NA,NA,NA,NA,NA,NA,NA,NA,NA,0,2,0
Pancreatic secretion,NA,NA,NA,NA,NA,NA,NA,NA,NA,0,7,0
"Parathyroid hormone synthesis, secretion and action",NA,NA,NA,NA,NA,NA,NA,NA,NA,0,8,0
Parkinson disease,NA,NA,NA,NA,NA,NA,NA,NA,NA,0,19,0
Pathogenic Escherichia coli infection,NA,NA,NA,NA,NA,NA,NA,NA,NA,0,3,0
PD-L1 expression and PD-1 checkpoint pathway in cancer,NA,NA,NA,NA,NA,NA,NA,NA,NA,0,3,0
Penicillin and cephalosporin biosynthesis,NA,NA,NA,NA,NA,NA,NA,NA,NA,0,18,0
Penicillins,NA,NA,NA,NA,NA,NA,NA,NA,NA,0,2,0
Peptidoglycan biosynthesis,NA,NA,NA,NA,NA,NA,NA,NA,NA,0,27,0
Peroxisome proliferator-activated receptor (PPAR) agonists,NA,NA,NA,NA,NA,NA,NA,NA,NA,0,2,0
Pertussis,NA,NA,NA,NA,NA,NA,NA,NA,NA,0,8,0
Phagosome,NA,NA,NA,NA,NA,NA,NA,NA,NA,0,1,0
Phenazine biosynthesis,NA,NA,NA,NA,NA,NA,NA,NA,NA,0,31,0
Phenylpropanoid biosynthesis,NA,NA,NA,NA,NA,NA,NA,NA,NA,0,58,0
Phosphatidylinositol signaling system,NA,NA,NA,NA,NA,NA,NA,NA,NA,0,28,0
Phospholipase D signaling pathway,NA,NA,NA,NA,NA,NA,NA,NA,NA,0,10,0
Phosphonate and phosphinate metabolism,NA,NA,NA,NA,NA,NA,NA,NA,NA,0,57,0
Photosynthesis,NA,NA,NA,NA,NA,NA,NA,NA,NA,0,8,0
Phototransduction,NA,NA,NA,NA,NA,NA,NA,NA,NA,0,4,0
Phototransduction - fly,NA,NA,NA,NA,NA,NA,NA,NA,NA,0,9,0
PI3K-Akt signaling pathway,NA,NA,NA,NA,NA,NA,NA,NA,NA,0,3,0
"Pinene, camphor and geraniol degradation",NA,NA,NA,NA,NA,NA,NA,NA,NA,0,55,0
Plant hormone signal transduction,NA,NA,NA,NA,NA,NA,NA,NA,NA,0,13,0
Platelet activation,NA,NA,NA,NA,NA,NA,NA,NA,NA,0,12,0
Polycyclic aromatic hydrocarbon degradation,NA,NA,NA,NA,NA,NA,NA,NA,NA,0,107,0
Polyketide sugar unit biosynthesis,NA,NA,NA,NA,NA,NA,NA,NA,NA,0,58,0
Potassium channel blocking and opening drugs,NA,NA,NA,NA,NA,NA,NA,NA,NA,0,6,0
PPAR signaling pathway,NA,NA,NA,NA,NA,NA,NA,NA,NA,0,5,0
Prion disease,NA,NA,NA,NA,NA,NA,NA,NA,NA,0,2,0
Prodigiosin biosynthesis,NA,NA,NA,NA,NA,NA,NA,NA,NA,0,18,0
Progesterone-mediated oocyte maturation,NA,NA,NA,NA,NA,NA,NA,NA,NA,0,4,0
"Progesterone, androgen and estrogen receptor agonists/antagonists",NA,NA,NA,NA,NA,NA,NA,NA,NA,0,5,0
Prolactin signaling pathway,NA,NA,NA,NA,NA,NA,NA,NA,NA,0,11,0
Prostaglandins,NA,NA,NA,NA,NA,NA,NA,NA,NA,0,2,0
Prostate cancer,NA,NA,NA,NA,NA,NA,NA,NA,NA,0,11,0
Proteoglycans in cancer,NA,NA,NA,NA,NA,NA,NA,NA,NA,0,4,0
Purine metabolism,NA,NA,NA,NA,NA,NA,NA,NA,NA,0,98,0
Quinolones,NA,NA,NA,NA,NA,NA,NA,NA,NA,0,1,0
Quorum sensing,NA,NA,NA,NA,NA,NA,NA,NA,NA,0,54,0
Rap1 signaling pathway,NA,NA,NA,NA,NA,NA,NA,NA,NA,0,4,0
Ras signaling pathway,NA,NA,NA,NA,NA,NA,NA,NA,NA,0,6,0
Regulation of actin cytoskeleton,NA,NA,NA,NA,NA,NA,NA,NA,NA,0,5,0
Relaxin signaling pathway,NA,NA,NA,NA,NA,NA,NA,NA,NA,0,4,0
Renal cell carcinoma,NA,NA,NA,NA,NA,NA,NA,NA,NA,0,2,0
Renin-angiotensin system,NA,NA,NA,NA,NA,NA,NA,NA,NA,0,11,0
Renin-angiotensin system inhibitors,NA,NA,NA,NA,NA,NA,NA,NA,NA,0,2,0
Renin secretion,NA,NA,NA,NA,NA,NA,NA,NA,NA,0,12,0
Retinol metabolism,NA,NA,NA,NA,NA,NA,NA,NA,NA,0,24,0
Rheumatoid arthritis,NA,NA,NA,NA,NA,NA,NA,NA,NA,0,2,0
Rifamycins,NA,NA,NA,NA,NA,NA,NA,NA,NA,0,2,0
RIG-I-like receptor signaling pathway,NA,NA,NA,NA,NA,NA,NA,NA,NA,0,1,0
Salivary secretion,NA,NA,NA,NA,NA,NA,NA,NA,NA,0,8,0
Salmonella infection,NA,NA,NA,NA,NA,NA,NA,NA,NA,0,5,0
Secondary bile acid biosynthesis,NA,NA,NA,NA,NA,NA,NA,NA,NA,0,36,0
Selenocompound metabolism,NA,NA,NA,NA,NA,NA,NA,NA,NA,0,27,0
Serotonin receptor agonists/antagonists,NA,NA,NA,NA,NA,NA,NA,NA,NA,0,1,0
Sesquiterpenoid and triterpenoid biosynthesis,NA,NA,NA,NA,NA,NA,NA,NA,NA,0,89,0
Shigellosis,NA,NA,NA,NA,NA,NA,NA,NA,NA,0,12,0
Small cell lung cancer,NA,NA,NA,NA,NA,NA,NA,NA,NA,0,3,0
Spinocerebellar ataxia,NA,NA,NA,NA,NA,NA,NA,NA,NA,0,4,0
Staphylococcus aureus infection,NA,NA,NA,NA,NA,NA,NA,NA,NA,0,2,0
Steroid biosynthesis,NA,NA,NA,NA,NA,NA,NA,NA,NA,0,57,0
Steroid degradation,NA,NA,NA,NA,NA,NA,NA,NA,NA,0,18,0
Steroid hormone biosynthesis,NA,NA,NA,NA,NA,NA,NA,NA,NA,0,101,0
"Stilbenoid, diarylheptanoid and gingerol biosynthesis",NA,NA,NA,NA,NA,NA,NA,NA,NA,0,26,0
Styrene degradation,NA,NA,NA,NA,NA,NA,NA,NA,NA,0,24,0
Sulfonamide derivatives - overview,NA,NA,NA,NA,NA,NA,NA,NA,NA,0,1,0
Sulfonamide derivatives - sulfa drugs,NA,NA,NA,NA,NA,NA,NA,NA,NA,0,2,0
Sulfur cycle,NA,NA,NA,NA,NA,NA,NA,NA,NA,0,16,0
Sulfur relay system,NA,NA,NA,NA,NA,NA,NA,NA,NA,0,11,0
Systemic lupus erythematosus,NA,NA,NA,NA,NA,NA,NA,NA,NA,0,2,0
T cell receptor signaling pathway,NA,NA,NA,NA,NA,NA,NA,NA,NA,0,3,0
Teichoic acid biosynthesis,NA,NA,NA,NA,NA,NA,NA,NA,NA,0,12,0
Terpenoid backbone biosynthesis,NA,NA,NA,NA,NA,NA,NA,NA,NA,0,47,0
Tetracycline biosynthesis,NA,NA,NA,NA,NA,NA,NA,NA,NA,0,21,0
Th1 and Th2 cell differentiation,NA,NA,NA,NA,NA,NA,NA,NA,NA,0,2,0
Th17 cell differentiation,NA,NA,NA,NA,NA,NA,NA,NA,NA,0,3,0
Thermogenesis,NA,NA,NA,NA,NA,NA,NA,NA,NA,0,21,0
Thiamine metabolism,NA,NA,NA,NA,NA,NA,NA,NA,NA,0,31,0
Thyroid hormone signaling pathway,NA,NA,NA,NA,NA,NA,NA,NA,NA,0,7,0
Thyroid hormone synthesis,NA,NA,NA,NA,NA,NA,NA,NA,NA,0,15,0
Toluene degradation,NA,NA,NA,NA,NA,NA,NA,NA,NA,0,47,0
Toxoplasmosis,NA,NA,NA,NA,NA,NA,NA,NA,NA,0,2,0
Tuberculosis,NA,NA,NA,NA,NA,NA,NA,NA,NA,0,8,0
Type I polyketide structures,NA,NA,NA,NA,NA,NA,NA,NA,NA,0,25,0
Type II diabetes mellitus,NA,NA,NA,NA,NA,NA,NA,NA,NA,0,3,0
"Valine, leucine and isoleucine biosynthesis",NA,NA,NA,NA,NA,NA,NA,NA,NA,0,23,0
"Valine, leucine and isoleucine degradation",NA,NA,NA,NA,NA,NA,NA,NA,NA,0,42,0
Vascular smooth muscle contraction,NA,NA,NA,NA,NA,NA,NA,NA,NA,0,13,0
Vasopressin-regulated water reabsorption,NA,NA,NA,NA,NA,NA,NA,NA,NA,0,1,0
VEGF signaling pathway,NA,NA,NA,NA,NA,NA,NA,NA,NA,0,4,0
Vibrio cholerae infection,NA,NA,NA,NA,NA,NA,NA,NA,NA,0,4,0
Virion - Flavivirus and Alphavirus,NA,NA,NA,NA,NA,NA,NA,NA,NA,0,2,0
Virion - Hepatitis viruses,NA,NA,NA,NA,NA,NA,NA,NA,NA,0,1,0
Virion - Human immunodeficiency virus,NA,NA,NA,NA,NA,NA,NA,NA,NA,0,1,0
Virion - Orthopoxvirus,NA,NA,NA,NA,NA,NA,NA,NA,NA,0,2,0
Xylene degradation,NA,NA,NA,NA,NA,NA,NA,NA,NA,0,38,0
Yersinia infection,NA,NA,NA,NA,NA,NA,NA,NA,NA,0,4,0
Zeatin biosynthesis,NA,NA,NA,NA,NA,NA,NA,NA,NA,0,39,0
