HMDB_single,found_match_in_PK,matches,match_overlap_percentage,original_count,matches_count,hmdb,GroupingVariable,Count_FeatureIDs_to_GroupingVariable,Group_Conflict_Notes
HMDB0000001,FALSE,NA,0,1,0,HMDB0000001,NA,NA,None
HMDB0000033,FALSE,NA,0,1,0,HMDB0000033,NA,NA,None
HMDB0000036,TRUE,HMDB0000036,100,1,1,HMDB0000036,OneGroup,1,None
HMDB0000043,TRUE,HMDB0000043,100,1,1,HMDB0000043,OneGroup,1,None
HMDB0000056,TRUE,HMDB0000056,100,1,1,HMDB0000056,OneGroup,1,None
HMDB0000062,TRUE,HMDB0000062,100,1,1,HMDB0000062,OneGroup,1,None
HMDB0000063,TRUE,HMDB0000063,100,1,1,HMDB0000063,OneGroup,1,None
HMDB0000072,FALSE,NA,0,1,0,HMDB0000072,NA,NA,None
HMDB0000073,TRUE,HMDB0000073,100,1,1,HMDB0000073,OneGroup,1,None
HMDB0000097,TRUE,HMDB0000097,100,1,1,HMDB0000097,OneGroup,1,None
HMDB0000112,TRUE,HMDB0000112,100,1,1,HMDB0000112,OneGroup,1,None
HMDB0000122,TRUE,HMDB0000122,100,1,1,HMDB0000122,OneGroup,1,None
HMDB0000123,TRUE,HMDB0000123,100,1,1,HMDB0000123,OneGroup,1,None
HMDB0000138,TRUE,HMDB0000138,100,1,1,HMDB0000138,OneGroup,1,None
HMDB0000148,TRUE,HMDB0000148,100,1,1,HMDB0000148,OneGroup,1,None
HMDB0000157,TRUE,HMDB0000157,100,1,1,HMDB0000157,OneGroup,1,None
HMDB0000158,TRUE,HMDB0000158,100,1,1,HMDB0000158,OneGroup,1,None
HMDB0000159,TRUE,HMDB0000159,100,1,1,HMDB0000159,OneGroup,1,None
HMDB0000161,TRUE,HMDB0000161,100,1,1,HMDB0000161,OneGroup,1,None
HMDB0000162,TRUE,HMDB0000162,100,1,1,HMDB0000162,OneGroup,1,None
HMDB0000167,TRUE,HMDB0000167,100,1,1,HMDB0000167,OneGroup,1,None
HMDB0000168,TRUE,HMDB0000168,100,1,1,HMDB0000168,OneGroup,1,None
HMDB0000172,TRUE,HMDB0000172,100,1,1,HMDB0000172,OneGroup,1,None
HMDB0000177,TRUE,HMDB0000177,100,1,1,HMDB0000177,OneGroup,1,None
HMDB0000181,TRUE,HMDB0000181,100,1,1,HMDB0000181,OneGroup,1,None
HMDB0000182,TRUE,HMDB0000182,100,1,1,HMDB0000182,OneGroup,1,None
HMDB0000187,TRUE,HMDB0000187,100,1,1,HMDB0000187,OneGroup,1,None
HMDB0000190,TRUE,HMDB0000190,100,1,1,HMDB0000190,OneGroup,1,None
HMDB0000191,TRUE,HMDB0000191,100,1,1,HMDB0000191,OneGroup,1,None
HMDB0000192,TRUE,HMDB0000192,100,1,1,HMDB0000192,OneGroup,1,None
HMDB0000194,FALSE,NA,0,1,0,HMDB0000194,NA,NA,None
HMDB0000197,FALSE,NA,0,1,0,HMDB0000197,NA,NA,None
HMDB0000201,TRUE,HMDB0000201,100,1,1,HMDB0000201,OneGroup,1,None
HMDB0000214,TRUE,HMDB0000214,100,1,1,HMDB0000214,OneGroup,1,None
HMDB0000220,TRUE,HMDB0000220,100,1,1,HMDB0000220,OneGroup,1,None
HMDB0000222,TRUE,HMDB0000222,100,1,1,HMDB0000222,OneGroup,1,None
HMDB0000251,TRUE,HMDB0000251,100,1,1,HMDB0000251,OneGroup,1,None
HMDB0000254,TRUE,HMDB0000254,100,1,1,HMDB0000254,OneGroup,1,None
HMDB0000259,TRUE,HMDB0000259,100,1,1,HMDB0000259,OneGroup,1,None
HMDB0000269,TRUE,HMDB0000269,100,1,1,HMDB0000269,OneGroup,1,None
HMDB0000271,TRUE,HMDB0000271,100,1,1,HMDB0000271,OneGroup,1,None
HMDB0000277,TRUE,HMDB0000277,100,1,1,HMDB0000277,OneGroup,1,None
HMDB0000292,FALSE,NA,0,1,0,HMDB0000292,NA,NA,None
HMDB0000378,FALSE,NA,0,1,0,HMDB0000378,NA,NA,None
HMDB0000428,FALSE,NA,0,1,0,HMDB0000428,NA,NA,None
HMDB0000452,FALSE,NA,0,1,0,HMDB0000452,NA,NA,None
HMDB0000479,FALSE,NA,0,1,0,HMDB0000479,NA,NA,None
HMDB0000510,FALSE,NA,0,1,0,HMDB0000510,NA,NA,None
HMDB0000517,TRUE,HMDB0000517,100,1,1,HMDB0000517,OneGroup,1,None
HMDB0000518,TRUE,HMDB0000518,100,1,1,HMDB0000518,OneGroup,1,None
HMDB0000552,FALSE,NA,0,1,0,HMDB0000552,NA,NA,None
HMDB0000562,FALSE,NA,0,1,0,HMDB0000562,NA,NA,None
HMDB0000564,TRUE,HMDB0000564,100,1,1,HMDB0000564,OneGroup,1,None
HMDB0000573,TRUE,HMDB0000573,100,1,1,HMDB0000573,OneGroup,1,None
HMDB0000574,TRUE,HMDB0000574,100,1,1,HMDB0000574,OneGroup,1,None
HMDB0000610,TRUE,HMDB0000610,100,1,1,HMDB0000610,OneGroup,1,None
HMDB0000614,FALSE,NA,0,1,0,HMDB0000614,NA,NA,None
HMDB0000619,TRUE,HMDB0000619,100,1,1,HMDB0000619,OneGroup,1,None
HMDB0000623,FALSE,NA,0,1,0,HMDB0000623,NA,NA,None
HMDB0000626,TRUE,HMDB0000626,100,1,1,HMDB0000626,OneGroup,1,None
HMDB0000631,TRUE,HMDB0000631,100,1,1,HMDB0000631,OneGroup,1,None
HMDB0000637,TRUE,HMDB0000637,100,1,1,HMDB0000637,OneGroup,1,None
HMDB0000638,TRUE,HMDB0000638,100,1,1,HMDB0000638,OneGroup,1,None
HMDB0000641,TRUE,HMDB0000641,100,1,1,HMDB0000641,OneGroup,1,None
HMDB0000651,TRUE,HMDB0000651,100,1,1,HMDB0000651,OneGroup,1,None
HMDB0000658,TRUE,HMDB0000658,100,1,1,HMDB0000658,OneGroup,1,None
HMDB0000670,FALSE,NA,0,1,0,HMDB0000670,NA,NA,None
HMDB0000673,TRUE,HMDB0000673,100,1,1,HMDB0000673,OneGroup,1,None
HMDB0000682,FALSE,NA,0,1,0,HMDB0000682,NA,NA,None
HMDB0000684,FALSE,NA,0,1,0,HMDB0000684,NA,NA,None
HMDB0000687,TRUE,HMDB0000687,100,1,1,HMDB0000687,OneGroup,1,None
HMDB0000696,TRUE,HMDB0000696,100,1,1,HMDB0000696,OneGroup,1,None
HMDB0000698,TRUE,HMDB0000698,100,1,1,HMDB0000698,OneGroup,1,None
HMDB0000705,FALSE,NA,0,1,0,HMDB0000705,NA,NA,None
HMDB0000708,TRUE,HMDB0000708,100,1,1,HMDB0000708,OneGroup,1,None
HMDB0000714,FALSE,NA,0,1,0,HMDB0000714,NA,NA,None
HMDB0000722,TRUE,HMDB0000722,100,1,1,HMDB0000722,OneGroup,1,None
HMDB0000725,FALSE,NA,0,1,0,HMDB0000725,NA,NA,None
HMDB0000736,TRUE,HMDB0000736,100,1,1,HMDB0000736,OneGroup,1,None
HMDB0000738,FALSE,NA,0,1,0,HMDB0000738,NA,NA,None
HMDB0000742,FALSE,NA,0,1,0,HMDB0000742,NA,NA,None
HMDB0000791,TRUE,HMDB0000791,100,1,1,HMDB0000791,OneGroup,1,None
HMDB0000806,TRUE,HMDB0000806,100,1,1,HMDB0000806,OneGroup,1,None
HMDB0000821,FALSE,NA,0,1,0,HMDB0000821,NA,NA,None
HMDB0000824,TRUE,HMDB0000824,100,1,1,HMDB0000824,OneGroup,1,None
HMDB0000827,TRUE,HMDB0000827,100,1,1,HMDB0000827,OneGroup,1,None
HMDB0000848,TRUE,HMDB0000848,100,1,1,HMDB0000848,OneGroup,1,None
HMDB0000870,TRUE,HMDB0000870,100,1,1,HMDB0000870,OneGroup,1,None
HMDB0000872,FALSE,NA,0,1,0,HMDB0000872,NA,NA,None
HMDB0000875,FALSE,NA,0,1,0,HMDB0000875,NA,NA,None
HMDB0000883,TRUE,HMDB0000883,100,1,1,HMDB0000883,OneGroup,1,None
HMDB0000885,TRUE,HMDB0000885,100,1,1,HMDB0000885,OneGroup,1,None
HMDB0000896,TRUE,HMDB0000896,100,1,1,HMDB0000896,OneGroup,1,None
HMDB0000904,FALSE,NA,0,1,0,HMDB0000904,NA,NA,None
HMDB0000918,TRUE,HMDB0000918,100,1,1,HMDB0000918,OneGroup,1,None
HMDB0000925,FALSE,NA,0,1,0,HMDB0000925,NA,NA,None
HMDB0000929,TRUE,HMDB0000929,100,1,1,HMDB0000929,OneGroup,1,None
HMDB0000932,FALSE,NA,0,1,0,HMDB0000932,NA,NA,None
HMDB0000950,FALSE,NA,0,1,0,HMDB0000950,NA,NA,None
HMDB0000951,TRUE,HMDB0000951,100,1,1,HMDB0000951,OneGroup,1,None
HMDB0001032,TRUE,HMDB0001032,100,1,1,HMDB0001032,OneGroup,1,None
HMDB0001043,TRUE,HMDB0001043,100,1,1,HMDB0001043,OneGroup,1,None
HMDB0001256,FALSE,NA,0,1,0,HMDB0001256,NA,NA,None
HMDB0001257,FALSE,NA,0,1,0,HMDB0001257,NA,NA,None
HMDB0001348,TRUE,HMDB0001348,100,1,1,HMDB0001348,OneGroup,1,None
HMDB0001383,TRUE,HMDB0001383,100,1,1,HMDB0001383,OneGroup,1,None
HMDB0001414,FALSE,NA,0,1,0,HMDB0001414,NA,NA,None
HMDB0001539,FALSE,NA,0,1,0,HMDB0001539,NA,NA,None
HMDB0001904,FALSE,NA,0,1,0,HMDB0001904,NA,NA,None
HMDB0001999,TRUE,HMDB0001999,100,1,1,HMDB0001999,OneGroup,1,None
HMDB0002005,FALSE,NA,0,1,0,HMDB0002005,NA,NA,None
HMDB0002014,TRUE,HMDB0002014,100,1,1,HMDB0002014,OneGroup,1,None
HMDB0002095,TRUE,HMDB0002095,100,1,1,HMDB0002095,OneGroup,1,None
HMDB0002183,TRUE,HMDB0002183,100,1,1,HMDB0002183,OneGroup,1,None
HMDB0002231,TRUE,HMDB0002231,100,1,1,HMDB0002231,OneGroup,1,None
HMDB0002250,TRUE,HMDB0002250,100,1,1,HMDB0002250,OneGroup,1,None
HMDB0002302,FALSE,NA,0,1,0,HMDB0002302,NA,NA,None
HMDB0002366,FALSE,NA,0,1,0,HMDB0002366,NA,NA,None
HMDB0002639,TRUE,HMDB0002639,100,1,1,HMDB0002639,OneGroup,1,None
HMDB0002802,TRUE,HMDB0002802,100,1,1,HMDB0002802,OneGroup,1,None
HMDB0002815,TRUE,HMDB0002815,100,1,1,HMDB0002815,OneGroup,1,None
HMDB0002925,TRUE,HMDB0002925,100,1,1,HMDB0002925,OneGroup,1,None
HMDB0003334,FALSE,NA,0,1,0,HMDB0003334,NA,NA,None
HMDB0003355,FALSE,NA,0,1,0,HMDB0003355,NA,NA,None
HMDB0003357,FALSE,NA,0,1,0,HMDB0003357,NA,NA,None
HMDB0004666,TRUE,HMDB0004666,100,1,1,HMDB0004666,OneGroup,1,None
HMDB0004827,FALSE,NA,0,1,0,HMDB0004827,NA,NA,None
HMDB0004833,FALSE,NA,0,1,0,HMDB0004833,NA,NA,None
HMDB0004834,FALSE,NA,0,1,0,HMDB0004834,NA,NA,None
HMDB0004835,FALSE,NA,0,1,0,HMDB0004835,NA,NA,None
HMDB0004836,FALSE,NA,0,1,0,HMDB0004836,NA,NA,None
HMDB0004837,FALSE,NA,0,1,0,HMDB0004837,NA,NA,None
HMDB0004838,FALSE,NA,0,1,0,HMDB0004838,NA,NA,None
HMDB0004839,FALSE,NA,0,1,0,HMDB0004839,NA,NA,None
HMDB0004840,FALSE,NA,0,1,0,HMDB0004840,NA,NA,None
HMDB0004879,FALSE,NA,0,1,0,HMDB0004879,NA,NA,None
HMDB0004880,FALSE,NA,0,1,0,HMDB0004880,NA,NA,None
HMDB0004881,FALSE,NA,0,1,0,HMDB0004881,NA,NA,None
HMDB0004882,FALSE,NA,0,1,0,HMDB0004882,NA,NA,None
HMDB0004883,FALSE,NA,0,1,0,HMDB0004883,NA,NA,None
HMDB0004884,FALSE,NA,0,1,0,HMDB0004884,NA,NA,None
HMDB0004948,TRUE,HMDB0004948,100,1,1,HMDB0004948,OneGroup,1,None
HMDB0004949,TRUE,HMDB0004949,100,1,1,HMDB0004949,OneGroup,1,None
HMDB0004950,TRUE,HMDB0004950,100,1,1,HMDB0004950,OneGroup,1,None
HMDB0004951,TRUE,HMDB0004951,100,1,1,HMDB0004951,OneGroup,1,None
HMDB0004952,FALSE,NA,0,1,0,HMDB0004952,NA,NA,None
HMDB0004953,TRUE,HMDB0004953,100,1,1,HMDB0004953,OneGroup,1,None
HMDB0004955,FALSE,NA,0,1,0,HMDB0004955,NA,NA,None
HMDB0004956,TRUE,HMDB0004956,100,1,1,HMDB0004956,OneGroup,1,None
HMDB0004957,FALSE,NA,0,1,0,HMDB0004957,NA,NA,None
HMDB0004970,TRUE,HMDB0004970,100,1,1,HMDB0004970,OneGroup,1,None
HMDB0004971,TRUE,HMDB0004971,100,1,1,HMDB0004971,OneGroup,1,None
HMDB0004972,TRUE,HMDB0004972,100,1,1,HMDB0004972,OneGroup,1,None
HMDB0004973,FALSE,NA,0,1,0,HMDB0004973,NA,NA,None
HMDB0004974,FALSE,NA,0,1,0,HMDB0004974,NA,NA,None
HMDB0004975,TRUE,HMDB0004975,100,1,1,HMDB0004975,OneGroup,1,None
HMDB0004976,FALSE,NA,0,1,0,HMDB0004976,NA,NA,None
HMDB0004977,FALSE,NA,0,1,0,HMDB0004977,NA,NA,None
HMDB0004978,FALSE,NA,0,1,0,HMDB0004978,NA,NA,None
HMDB0005060,TRUE,HMDB0005060,100,1,1,HMDB0005060,OneGroup,1,None
HMDB0005065,TRUE,HMDB0005065,100,1,1,HMDB0005065,OneGroup,1,None
HMDB0005066,TRUE,HMDB0005066,100,1,1,HMDB0005066,OneGroup,1,None
HMDB0005193,FALSE,NA,0,1,0,HMDB0005193,NA,NA,None
HMDB0005356,FALSE,NA,0,1,0,HMDB0005356,NA,NA,None
HMDB0005359,FALSE,NA,0,1,0,HMDB0005359,NA,NA,None
HMDB0005360,FALSE,NA,0,1,0,HMDB0005360,NA,NA,None
HMDB0005362,FALSE,NA,0,1,0,HMDB0005362,NA,NA,None
HMDB0005363,FALSE,NA,0,1,0,HMDB0005363,NA,NA,None
HMDB0005368,FALSE,NA,0,1,0,HMDB0005368,NA,NA,None
HMDB0005369,FALSE,NA,0,1,0,HMDB0005369,NA,NA,None
HMDB0005370,FALSE,NA,0,1,0,HMDB0005370,NA,NA,None
HMDB0005374,FALSE,NA,0,1,0,HMDB0005374,NA,NA,None
HMDB0005376,FALSE,NA,0,1,0,HMDB0005376,NA,NA,None
HMDB0005377,FALSE,NA,0,1,0,HMDB0005377,NA,NA,None
HMDB0005378,FALSE,NA,0,1,0,HMDB0005378,NA,NA,None
HMDB0005379,FALSE,NA,0,1,0,HMDB0005379,NA,NA,None
HMDB0005380,FALSE,NA,0,1,0,HMDB0005380,NA,NA,None
HMDB0005381,FALSE,NA,0,1,0,HMDB0005381,NA,NA,None
HMDB0005382,TRUE,HMDB0005382,100,1,1,HMDB0005382,OneGroup,1,None
HMDB0005383,FALSE,NA,0,1,0,HMDB0005383,NA,NA,None
HMDB0005384,FALSE,NA,0,1,0,HMDB0005384,NA,NA,None
HMDB0005385,FALSE,NA,0,1,0,HMDB0005385,NA,NA,None
HMDB0005388,FALSE,NA,0,1,0,HMDB0005388,NA,NA,None
HMDB0005389,FALSE,NA,0,1,0,HMDB0005389,NA,NA,None
HMDB0005390,FALSE,NA,0,1,0,HMDB0005390,NA,NA,None
HMDB0005391,FALSE,NA,0,1,0,HMDB0005391,NA,NA,None
HMDB0005392,FALSE,NA,0,1,0,HMDB0005392,NA,NA,None
HMDB0005397,FALSE,NA,0,1,0,HMDB0005397,NA,NA,None
HMDB0005405,FALSE,NA,0,1,0,HMDB0005405,NA,NA,None
HMDB0005411,FALSE,NA,0,1,0,HMDB0005411,NA,NA,None
HMDB0005412,FALSE,NA,0,1,0,HMDB0005412,NA,NA,None
HMDB0005425,FALSE,NA,0,1,0,HMDB0005425,NA,NA,None
HMDB0005426,FALSE,NA,0,1,0,HMDB0005426,NA,NA,None
HMDB0005432,TRUE,HMDB0005432,100,1,1,HMDB0005432,OneGroup,1,None
HMDB0005433,FALSE,NA,0,1,0,HMDB0005433,NA,NA,None
HMDB0005434,FALSE,NA,0,1,0,HMDB0005434,NA,NA,None
HMDB0005435,FALSE,NA,0,1,0,HMDB0005435,NA,NA,None
HMDB0005436,FALSE,NA,0,1,0,HMDB0005436,NA,NA,None
HMDB0005440,FALSE,NA,0,1,0,HMDB0005440,NA,NA,None
HMDB0005441,FALSE,NA,0,1,0,HMDB0005441,NA,NA,None
HMDB0005445,FALSE,NA,0,1,0,HMDB0005445,NA,NA,None
HMDB0005446,FALSE,NA,0,1,0,HMDB0005446,NA,NA,None
HMDB0005447,FALSE,NA,0,1,0,HMDB0005447,NA,NA,None
HMDB0005448,FALSE,NA,0,1,0,HMDB0005448,NA,NA,None
HMDB0005455,FALSE,NA,0,1,0,HMDB0005455,NA,NA,None
HMDB0005456,FALSE,NA,0,1,0,HMDB0005456,NA,NA,None
HMDB0005461,FALSE,NA,0,1,0,HMDB0005461,NA,NA,None
HMDB0005462,FALSE,NA,0,1,0,HMDB0005462,NA,NA,None
HMDB0005475,FALSE,NA,0,1,0,HMDB0005475,NA,NA,None
HMDB0005779,FALSE,NA,0,1,0,HMDB0005779,NA,NA,None
HMDB0005780,FALSE,NA,0,1,0,HMDB0005780,NA,NA,None
HMDB0006317,TRUE,HMDB0006317,100,1,1,HMDB0006317,OneGroup,1,None
HMDB0006320,FALSE,NA,0,1,0,HMDB0006320,NA,NA,None
HMDB0006461,FALSE,NA,0,1,0,HMDB0006461,NA,NA,None
HMDB0006725,FALSE,NA,0,1,0,HMDB0006725,NA,NA,None
HMDB0006726,FALSE,NA,0,1,0,HMDB0006726,NA,NA,None
HMDB0006727,FALSE,NA,0,1,0,HMDB0006727,NA,NA,None
HMDB0006731,FALSE,NA,0,1,0,HMDB0006731,NA,NA,None
HMDB0006733,FALSE,NA,0,1,0,HMDB0006733,NA,NA,None
HMDB0006736,FALSE,NA,0,1,0,HMDB0006736,NA,NA,None
HMDB0006737,FALSE,NA,0,1,0,HMDB0006737,NA,NA,None
HMDB0007008,TRUE,HMDB0007008,100,1,1,HMDB0007008,OneGroup,1,None
HMDB0007015,FALSE,NA,0,1,0,HMDB0007015,NA,NA,None
HMDB0007016,FALSE,NA,0,1,0,HMDB0007016,NA,NA,None
HMDB0007020,FALSE,NA,0,1,0,HMDB0007020,NA,NA,None
HMDB0007044,FALSE,NA,0,1,0,HMDB0007044,NA,NA,None
HMDB0007051,FALSE,NA,0,1,0,HMDB0007051,NA,NA,None
HMDB0007098,TRUE,HMDB0007098,100,1,1,HMDB0007098,OneGroup,1,None
HMDB0007099,FALSE,NA,0,1,0,HMDB0007099,NA,NA,None
HMDB0007101,FALSE,NA,0,1,0,HMDB0007101,NA,NA,None
HMDB0007103,TRUE,HMDB0007103,100,1,1,HMDB0007103,OneGroup,1,None
HMDB0007107,FALSE,NA,0,1,0,HMDB0007107,NA,NA,None
HMDB0007111,FALSE,NA,0,1,0,HMDB0007111,NA,NA,None
HMDB0007112,TRUE,HMDB0007112,100,1,1,HMDB0007112,OneGroup,1,None
HMDB0007129,FALSE,NA,0,1,0,HMDB0007129,NA,NA,None
HMDB0007131,FALSE,NA,0,1,0,HMDB0007131,NA,NA,None
HMDB0007132,FALSE,NA,0,1,0,HMDB0007132,NA,NA,None
HMDB0007136,FALSE,NA,0,1,0,HMDB0007136,NA,NA,None
HMDB0007165,FALSE,NA,0,1,0,HMDB0007165,NA,NA,None
HMDB0007170,TRUE,HMDB0007170,100,1,1,HMDB0007170,OneGroup,1,None
HMDB0007188,FALSE,NA,0,1,0,HMDB0007188,NA,NA,None
HMDB0007219,TRUE,HMDB0007219,100,1,1,HMDB0007219,OneGroup,1,None
HMDB0007221,FALSE,NA,0,1,0,HMDB0007221,NA,NA,None
HMDB0007223,FALSE,NA,0,1,0,HMDB0007223,NA,NA,None
HMDB0007224,FALSE,NA,0,1,0,HMDB0007224,NA,NA,None
HMDB0007225,FALSE,NA,0,1,0,HMDB0007225,NA,NA,None
HMDB0007227,FALSE,NA,0,1,0,HMDB0007227,NA,NA,None
HMDB0007228,TRUE,HMDB0007228,100,1,1,HMDB0007228,OneGroup,1,None
HMDB0007236,FALSE,NA,0,1,0,HMDB0007236,NA,NA,None
HMDB0007237,FALSE,NA,0,1,0,HMDB0007237,NA,NA,None
HMDB0007248,TRUE,HMDB0007248,100,1,1,HMDB0007248,OneGroup,1,None
HMDB0007250,FALSE,NA,0,1,0,HMDB0007250,NA,NA,None
HMDB0007252,FALSE,NA,0,1,0,HMDB0007252,NA,NA,None
HMDB0007257,FALSE,NA,0,1,0,HMDB0007257,NA,NA,None
HMDB0007278,FALSE,NA,0,1,0,HMDB0007278,NA,NA,None
HMDB0007283,FALSE,NA,0,1,0,HMDB0007283,NA,NA,None
HMDB0007334,FALSE,NA,0,1,0,HMDB0007334,NA,NA,None
HMDB0007335,FALSE,NA,0,1,0,HMDB0007335,NA,NA,None
HMDB0007639,FALSE,NA,0,1,0,HMDB0007639,NA,NA,None
HMDB0007858,FALSE,NA,0,1,0,HMDB0007858,NA,NA,None
HMDB0007860,FALSE,NA,0,1,0,HMDB0007860,NA,NA,None
HMDB0007861,FALSE,NA,0,1,0,HMDB0007861,NA,NA,None
HMDB0007865,FALSE,NA,0,1,0,HMDB0007865,NA,NA,None
HMDB0007867,FALSE,NA,0,1,0,HMDB0007867,NA,NA,None
HMDB0007869,TRUE,HMDB0007869,100,1,1,HMDB0007869,OneGroup,1,None
HMDB0007872,FALSE,NA,0,1,0,HMDB0007872,NA,NA,None
HMDB0007874,TRUE,HMDB0007874,100,1,1,HMDB0007874,OneGroup,1,None
HMDB0007876,FALSE,NA,0,1,0,HMDB0007876,NA,NA,None
HMDB0007883,TRUE,HMDB0007883,100,1,1,HMDB0007883,OneGroup,1,None
HMDB0007886,FALSE,NA,0,1,0,HMDB0007886,NA,NA,None
HMDB0007892,TRUE,HMDB0007892,100,1,1,HMDB0007892,OneGroup,1,None
HMDB0007893,FALSE,NA,0,1,0,HMDB0007893,NA,NA,None
HMDB0007894,FALSE,NA,0,1,0,HMDB0007894,NA,NA,None
HMDB0007896,FALSE,NA,0,1,0,HMDB0007896,NA,NA,None
HMDB0007971,FALSE,NA,0,1,0,HMDB0007971,NA,NA,None
HMDB0007973,TRUE,HMDB0007973,100,1,1,HMDB0007973,OneGroup,1,None
HMDB0007974,TRUE,HMDB0007974,100,1,1,HMDB0007974,OneGroup,1,None
HMDB0007978,FALSE,NA,0,1,0,HMDB0007978,NA,NA,None
HMDB0007979,FALSE,NA,0,1,0,HMDB0007979,NA,NA,None
HMDB0007980,TRUE,HMDB0007980,100,1,1,HMDB0007980,OneGroup,1,None
HMDB0007982,TRUE,HMDB0007982,100,1,1,HMDB0007982,OneGroup,1,None
HMDB0007984,TRUE,HMDB0007984,100,1,1,HMDB0007984,OneGroup,1,None
HMDB0007988,FALSE,NA,0,1,0,HMDB0007988,NA,NA,None
HMDB0007989,FALSE,NA,0,1,0,HMDB0007989,NA,NA,None
HMDB0007991,TRUE,HMDB0007991,100,1,1,HMDB0007991,OneGroup,1,None
HMDB0007993,FALSE,NA,0,1,0,HMDB0007993,NA,NA,None
HMDB0007999,FALSE,NA,0,1,0,HMDB0007999,NA,NA,None
HMDB0008020,FALSE,NA,0,1,0,HMDB0008020,NA,NA,None
HMDB0008054,FALSE,NA,0,1,0,HMDB0008054,NA,NA,None
HMDB0008055,FALSE,NA,0,1,0,HMDB0008055,NA,NA,None
HMDB0008057,TRUE,HMDB0008057,100,1,1,HMDB0008057,OneGroup,1,None
HMDB0008058,FALSE,NA,0,1,0,HMDB0008058,NA,NA,None
HMDB0008059,FALSE,NA,0,1,0,HMDB0008059,NA,NA,None
HMDB0008086,FALSE,NA,0,1,0,HMDB0008086,NA,NA,None
HMDB0008092,FALSE,NA,0,1,0,HMDB0008092,NA,NA,None
HMDB0008191,FALSE,NA,0,1,0,HMDB0008191,NA,NA,None
HMDB0008276,FALSE,NA,0,1,0,HMDB0008276,NA,NA,None
HMDB0008287,FALSE,NA,0,1,0,HMDB0008287,NA,NA,None
HMDB0008288,FALSE,NA,0,1,0,HMDB0008288,NA,NA,None
HMDB0008821,FALSE,NA,0,1,0,HMDB0008821,NA,NA,None
HMDB0008822,FALSE,NA,0,1,0,HMDB0008822,NA,NA,None
HMDB0008824,FALSE,NA,0,1,0,HMDB0008824,NA,NA,None
HMDB0008825,FALSE,NA,0,1,0,HMDB0008825,NA,NA,None
HMDB0008826,FALSE,NA,0,1,0,HMDB0008826,NA,NA,None
HMDB0008828,FALSE,NA,0,1,0,HMDB0008828,NA,NA,None
HMDB0008829,FALSE,NA,0,1,0,HMDB0008829,NA,NA,None
HMDB0008833,FALSE,NA,0,1,0,HMDB0008833,NA,NA,None
HMDB0008834,FALSE,NA,0,1,0,HMDB0008834,NA,NA,None
HMDB0008835,FALSE,NA,0,1,0,HMDB0008835,NA,NA,None
HMDB0008837,FALSE,NA,0,1,0,HMDB0008837,NA,NA,None
HMDB0008838,FALSE,NA,0,1,0,HMDB0008838,NA,NA,None
HMDB0008841,FALSE,NA,0,1,0,HMDB0008841,NA,NA,None
HMDB0008843,FALSE,NA,0,1,0,HMDB0008843,NA,NA,None
HMDB0008844,FALSE,NA,0,1,0,HMDB0008844,NA,NA,None
HMDB0008847,FALSE,NA,0,1,0,HMDB0008847,NA,NA,None
HMDB0008874,FALSE,NA,0,1,0,HMDB0008874,NA,NA,None
HMDB0008876,FALSE,NA,0,1,0,HMDB0008876,NA,NA,None
HMDB0008877,FALSE,NA,0,1,0,HMDB0008877,NA,NA,None
HMDB0008890,FALSE,NA,0,1,0,HMDB0008890,NA,NA,None
HMDB0008892,FALSE,NA,0,1,0,HMDB0008892,NA,NA,None
HMDB0008894,FALSE,NA,0,1,0,HMDB0008894,NA,NA,None
HMDB0008895,FALSE,NA,0,1,0,HMDB0008895,NA,NA,None
HMDB0008900,FALSE,NA,0,1,0,HMDB0008900,NA,NA,None
HMDB0008901,FALSE,NA,0,1,0,HMDB0008901,NA,NA,None
HMDB0008903,FALSE,NA,0,1,0,HMDB0008903,NA,NA,None
HMDB0008940,FALSE,NA,0,1,0,HMDB0008940,NA,NA,None
HMDB0008941,FALSE,NA,0,1,0,HMDB0008941,NA,NA,None
HMDB0008942,FALSE,NA,0,1,0,HMDB0008942,NA,NA,None
HMDB0008943,FALSE,NA,0,1,0,HMDB0008943,NA,NA,None
HMDB0008946,TRUE,HMDB0008946,100,1,1,HMDB0008946,OneGroup,1,None
HMDB0008975,FALSE,NA,0,1,0,HMDB0008975,NA,NA,None
HMDB0008976,FALSE,NA,0,1,0,HMDB0008976,NA,NA,None
HMDB0008979,FALSE,NA,0,1,0,HMDB0008979,NA,NA,None
HMDB0009007,FALSE,NA,0,1,0,HMDB0009007,NA,NA,None
HMDB0009009,FALSE,NA,0,1,0,HMDB0009009,NA,NA,None
HMDB0009012,TRUE,HMDB0009012,100,1,1,HMDB0009012,OneGroup,1,None
HMDB0009074,FALSE,NA,0,1,0,HMDB0009074,NA,NA,None
HMDB0009075,FALSE,NA,0,1,0,HMDB0009075,NA,NA,None
HMDB0009078,FALSE,NA,0,1,0,HMDB0009078,NA,NA,None
HMDB0009111,FALSE,NA,0,1,0,HMDB0009111,NA,NA,None
HMDB0009276,FALSE,NA,0,1,0,HMDB0009276,NA,NA,None
HMDB0009309,FALSE,NA,0,1,0,HMDB0009309,NA,NA,None
HMDB0009507,FALSE,NA,0,1,0,HMDB0009507,NA,NA,None
HMDB0009705,FALSE,NA,0,1,0,HMDB0009705,NA,NA,None
HMDB0009778,FALSE,NA,0,1,0,HMDB0009778,NA,NA,None
HMDB0009783,FALSE,NA,0,1,0,HMDB0009783,NA,NA,None
HMDB0009784,FALSE,NA,0,1,0,HMDB0009784,NA,NA,None
HMDB0009785,FALSE,NA,0,1,0,HMDB0009785,NA,NA,None
HMDB0009788,FALSE,NA,0,1,0,HMDB0009788,NA,NA,None
HMDB0009789,FALSE,NA,0,1,0,HMDB0009789,NA,NA,None
HMDB0009799,FALSE,NA,0,1,0,HMDB0009799,NA,NA,None
HMDB0009801,FALSE,NA,0,1,0,HMDB0009801,NA,NA,None
HMDB0009808,FALSE,NA,0,1,0,HMDB0009808,NA,NA,None
HMDB0009809,FALSE,NA,0,1,0,HMDB0009809,NA,NA,None
HMDB0009810,FALSE,NA,0,1,0,HMDB0009810,NA,NA,None
HMDB0009814,FALSE,NA,0,1,0,HMDB0009814,NA,NA,None
HMDB0009815,FALSE,NA,0,1,0,HMDB0009815,NA,NA,None
HMDB0009838,FALSE,NA,0,1,0,HMDB0009838,NA,NA,None
HMDB0009839,FALSE,NA,0,1,0,HMDB0009839,NA,NA,None
HMDB0009841,FALSE,NA,0,1,0,HMDB0009841,NA,NA,None
HMDB0009843,FALSE,NA,0,1,0,HMDB0009843,NA,NA,None
HMDB0009844,FALSE,NA,0,1,0,HMDB0009844,NA,NA,None
HMDB0009851,FALSE,NA,0,1,0,HMDB0009851,NA,NA,None
HMDB0009852,FALSE,NA,0,1,0,HMDB0009852,NA,NA,None
HMDB0010163,FALSE,NA,0,1,0,HMDB0010163,NA,NA,None
HMDB0010167,FALSE,NA,0,1,0,HMDB0010167,NA,NA,None
HMDB0010169,TRUE,HMDB0010169,100,1,1,HMDB0010169,OneGroup,1,None
HMDB0010369,TRUE,HMDB0010369,100,1,1,HMDB0010369,OneGroup,1,None
HMDB0010374,FALSE,NA,0,1,0,HMDB0010374,NA,NA,None
HMDB0010379,TRUE,HMDB0010379,100,1,1,HMDB0010379,OneGroup,1,None
HMDB0010382,TRUE,HMDB0010382,100,1,1,HMDB0010382,OneGroup,1,None
HMDB0010383,FALSE,NA,0,1,0,HMDB0010383,NA,NA,None
HMDB0010384,TRUE,HMDB0010384,100,1,1,HMDB0010384,OneGroup,1,None
HMDB0010386,TRUE,HMDB0010386,100,1,1,HMDB0010386,OneGroup,1,None
HMDB0010393,FALSE,NA,0,1,0,HMDB0010393,NA,NA,None
HMDB0010395,TRUE,HMDB0010395,100,1,1,HMDB0010395,OneGroup,1,None
HMDB0010405,TRUE,HMDB0010405,100,1,1,HMDB0010405,OneGroup,1,None
HMDB0010417,FALSE,NA,0,1,0,HMDB0010417,NA,NA,None
HMDB0010418,FALSE,NA,0,1,0,HMDB0010418,NA,NA,None
HMDB0010459,FALSE,NA,0,1,0,HMDB0010459,NA,NA,None
HMDB0010464,FALSE,NA,0,1,0,HMDB0010464,NA,NA,None
HMDB0010489,FALSE,NA,0,1,0,HMDB0010489,NA,NA,None
HMDB0010492,FALSE,NA,0,1,0,HMDB0010492,NA,NA,None
HMDB0010570,FALSE,NA,0,1,0,HMDB0010570,NA,NA,None
HMDB0010571,FALSE,NA,0,1,0,HMDB0010571,NA,NA,None
HMDB0010573,FALSE,NA,0,1,0,HMDB0010573,NA,NA,None
HMDB0010575,FALSE,NA,0,1,0,HMDB0010575,NA,NA,None
HMDB0010576,FALSE,NA,0,1,0,HMDB0010576,NA,NA,None
HMDB0010579,FALSE,NA,0,1,0,HMDB0010579,NA,NA,None
HMDB0010580,FALSE,NA,0,1,0,HMDB0010580,NA,NA,None
HMDB0010586,FALSE,NA,0,1,0,HMDB0010586,NA,NA,None
HMDB0010587,FALSE,NA,0,1,0,HMDB0010587,NA,NA,None
HMDB0010589,FALSE,NA,0,1,0,HMDB0010589,NA,NA,None
HMDB0010590,FALSE,NA,0,1,0,HMDB0010590,NA,NA,None
HMDB0010595,FALSE,NA,0,1,0,HMDB0010595,NA,NA,None
HMDB0010604,FALSE,NA,0,1,0,HMDB0010604,NA,NA,None
HMDB0010605,FALSE,NA,0,1,0,HMDB0010605,NA,NA,None
HMDB0010606,FALSE,NA,0,1,0,HMDB0010606,NA,NA,None
HMDB0010634,FALSE,NA,0,1,0,HMDB0010634,NA,NA,None
HMDB0010635,FALSE,NA,0,1,0,HMDB0010635,NA,NA,None
HMDB0010636,FALSE,NA,0,1,0,HMDB0010636,NA,NA,None
HMDB0010639,FALSE,NA,0,1,0,HMDB0010639,NA,NA,None
HMDB0010640,FALSE,NA,0,1,0,HMDB0010640,NA,NA,None
HMDB0010641,FALSE,NA,0,1,0,HMDB0010641,NA,NA,None
HMDB0010650,FALSE,NA,0,1,0,HMDB0010650,NA,NA,None
HMDB0010651,FALSE,NA,0,1,0,HMDB0010651,NA,NA,None
HMDB0010654,FALSE,NA,0,1,0,HMDB0010654,NA,NA,None
HMDB0010655,FALSE,NA,0,1,0,HMDB0010655,NA,NA,None
HMDB0010656,FALSE,NA,0,1,0,HMDB0010656,NA,NA,None
HMDB0010700,FALSE,NA,0,1,0,HMDB0010700,NA,NA,None
HMDB0011129,FALSE,NA,0,1,0,HMDB0011129,NA,NA,None
HMDB0011151,FALSE,NA,0,1,0,HMDB0011151,NA,NA,None
HMDB0011152,FALSE,NA,0,1,0,HMDB0011152,NA,NA,None
HMDB0011158,TRUE,HMDB0011158,100,1,1,HMDB0011158,OneGroup,1,None
HMDB0011220,TRUE,HMDB0011220,100,1,1,HMDB0011220,OneGroup,1,None
HMDB0011243,FALSE,NA,0,1,0,HMDB0011243,NA,NA,None
HMDB0011253,FALSE,NA,0,1,0,HMDB0011253,NA,NA,None
HMDB0011335,FALSE,NA,0,1,0,HMDB0011335,NA,NA,None
HMDB0011337,FALSE,NA,0,1,0,HMDB0011337,NA,NA,None
HMDB0011339,FALSE,NA,0,1,0,HMDB0011339,NA,NA,None
HMDB0011342,FALSE,NA,0,1,0,HMDB0011342,NA,NA,None
HMDB0011343,FALSE,NA,0,1,0,HMDB0011343,NA,NA,None
HMDB0011344,FALSE,NA,0,1,0,HMDB0011344,NA,NA,None
HMDB0011351,FALSE,NA,0,1,0,HMDB0011351,NA,NA,None
HMDB0011352,FALSE,NA,0,1,0,HMDB0011352,NA,NA,None
HMDB0011354,FALSE,NA,0,1,0,HMDB0011354,NA,NA,None
HMDB0011358,FALSE,NA,0,1,0,HMDB0011358,NA,NA,None
HMDB0011359,FALSE,NA,0,1,0,HMDB0011359,NA,NA,None
HMDB0011368,FALSE,NA,0,1,0,HMDB0011368,NA,NA,None
HMDB0011371,FALSE,NA,0,1,0,HMDB0011371,NA,NA,None
HMDB0011372,FALSE,NA,0,1,0,HMDB0011372,NA,NA,None
HMDB0011373,FALSE,NA,0,1,0,HMDB0011373,NA,NA,None
HMDB0011375,TRUE,HMDB0011375,100,1,1,HMDB0011375,OneGroup,1,None
HMDB0011376,FALSE,NA,0,1,0,HMDB0011376,NA,NA,None
HMDB0011377,FALSE,NA,0,1,0,HMDB0011377,NA,NA,None
HMDB0011381,FALSE,NA,0,1,0,HMDB0011381,NA,NA,None
HMDB0011382,FALSE,NA,0,1,0,HMDB0011382,NA,NA,None
HMDB0011384,FALSE,NA,0,1,0,HMDB0011384,NA,NA,None
HMDB0011387,FALSE,NA,0,1,0,HMDB0011387,NA,NA,None
HMDB0011390,FALSE,NA,0,1,0,HMDB0011390,NA,NA,None
HMDB0011391,FALSE,NA,0,1,0,HMDB0011391,NA,NA,None
HMDB0011394,TRUE,HMDB0011394,100,1,1,HMDB0011394,OneGroup,1,None
HMDB0011460,FALSE,NA,0,1,0,HMDB0011460,NA,NA,None
HMDB0011470,FALSE,NA,0,1,0,HMDB0011470,NA,NA,None
HMDB0011471,FALSE,NA,0,1,0,HMDB0011471,NA,NA,None
HMDB0011472,FALSE,NA,0,1,0,HMDB0011472,NA,NA,None
HMDB0011473,FALSE,NA,0,1,0,HMDB0011473,NA,NA,None
HMDB0011474,FALSE,NA,0,1,0,HMDB0011474,NA,NA,None
HMDB0011475,FALSE,NA,0,1,0,HMDB0011475,NA,NA,None
HMDB0011477,TRUE,HMDB0011477,100,1,1,HMDB0011477,OneGroup,1,None
HMDB0011478,FALSE,NA,0,1,0,HMDB0011478,NA,NA,None
HMDB0011481,FALSE,NA,0,1,0,HMDB0011481,NA,NA,None
HMDB0011482,FALSE,NA,0,1,0,HMDB0011482,NA,NA,None
HMDB0011483,FALSE,NA,0,1,0,HMDB0011483,NA,NA,None
HMDB0011484,FALSE,NA,0,1,0,HMDB0011484,NA,NA,None
HMDB0011487,FALSE,NA,0,1,0,HMDB0011487,NA,NA,None
HMDB0011489,FALSE,NA,0,1,0,HMDB0011489,NA,NA,None
HMDB0011490,FALSE,NA,0,1,0,HMDB0011490,NA,NA,None
HMDB0011491,FALSE,NA,0,1,0,HMDB0011491,NA,NA,None
HMDB0011493,FALSE,NA,0,1,0,HMDB0011493,NA,NA,None
HMDB0011494,FALSE,NA,0,1,0,HMDB0011494,NA,NA,None
HMDB0011496,FALSE,NA,0,1,0,HMDB0011496,NA,NA,None
HMDB0011497,FALSE,NA,0,1,0,HMDB0011497,NA,NA,None
HMDB0011537,TRUE,HMDB0011537,100,1,1,HMDB0011537,OneGroup,1,None
HMDB0011550,FALSE,NA,0,1,0,HMDB0011550,NA,NA,None
HMDB0011557,FALSE,NA,0,1,0,HMDB0011557,NA,NA,None
HMDB0011635,FALSE,NA,0,1,0,HMDB0011635,NA,NA,None
HMDB0011695,FALSE,NA,0,1,0,HMDB0011695,NA,NA,None
HMDB0011696,FALSE,NA,0,1,0,HMDB0011696,NA,NA,None
HMDB0011697,TRUE,HMDB0011697,100,1,1,HMDB0011697,OneGroup,1,None
HMDB0011698,FALSE,NA,0,1,0,HMDB0011698,NA,NA,None
HMDB0011700,FALSE,NA,0,1,0,HMDB0011700,NA,NA,None
HMDB0011701,FALSE,NA,0,1,0,HMDB0011701,NA,NA,None
HMDB0011703,FALSE,NA,0,1,0,HMDB0011703,NA,NA,None
HMDB0011707,FALSE,NA,0,1,0,HMDB0011707,NA,NA,None
HMDB0011708,FALSE,NA,0,1,0,HMDB0011708,NA,NA,None
HMDB0011709,FALSE,NA,0,1,0,HMDB0011709,NA,NA,None
HMDB0011711,FALSE,NA,0,1,0,HMDB0011711,NA,NA,None
HMDB0011761,TRUE,HMDB0011761,100,1,1,HMDB0011761,OneGroup,1,None
HMDB0011764,TRUE,HMDB0011764,100,1,1,HMDB0011764,OneGroup,1,None
HMDB0011765,TRUE,HMDB0011765,100,1,1,HMDB0011765,OneGroup,1,None
HMDB0011768,TRUE,HMDB0011768,100,1,1,HMDB0011768,OneGroup,1,None
HMDB0011769,TRUE,HMDB0011769,100,1,1,HMDB0011769,OneGroup,1,None
HMDB0011772,FALSE,NA,0,1,0,HMDB0011772,NA,NA,None
HMDB0011773,TRUE,HMDB0011773,100,1,1,HMDB0011773,OneGroup,1,None
HMDB0012100,FALSE,NA,0,1,0,HMDB0012100,NA,NA,None
HMDB0012107,TRUE,HMDB0012107,100,1,1,HMDB0012107,OneGroup,1,None
HMDB0012108,TRUE,HMDB0012108,100,1,1,HMDB0012108,OneGroup,1,None
HMDB0012275,FALSE,NA,0,1,0,HMDB0012275,NA,NA,None
HMDB0012321,FALSE,NA,0,1,0,HMDB0012321,NA,NA,None
HMDB0012332,FALSE,NA,0,1,0,HMDB0012332,NA,NA,None
HMDB0012357,FALSE,NA,0,1,0,HMDB0012357,NA,NA,None
HMDB0012358,FALSE,NA,0,1,0,HMDB0012358,NA,NA,None
HMDB0012360,FALSE,NA,0,1,0,HMDB0012360,NA,NA,None
HMDB0012361,FALSE,NA,0,1,0,HMDB0012361,NA,NA,None
HMDB0012362,FALSE,NA,0,1,0,HMDB0012362,NA,NA,None
HMDB0012372,FALSE,NA,0,1,0,HMDB0012372,NA,NA,None
HMDB0012373,FALSE,NA,0,1,0,HMDB0012373,NA,NA,None
HMDB0012380,FALSE,NA,0,1,0,HMDB0012380,NA,NA,None
HMDB0012383,FALSE,NA,0,1,0,HMDB0012383,NA,NA,None
HMDB0012394,FALSE,NA,0,1,0,HMDB0012394,NA,NA,None
HMDB0012395,FALSE,NA,0,1,0,HMDB0012395,NA,NA,None
HMDB0012406,FALSE,NA,0,1,0,HMDB0012406,NA,NA,None
HMDB0013124,FALSE,NA,0,1,0,HMDB0013124,NA,NA,None
HMDB0013125,FALSE,NA,0,1,0,HMDB0013125,NA,NA,None
HMDB0013126,FALSE,NA,0,1,0,HMDB0013126,NA,NA,None
HMDB0013129,FALSE,NA,0,1,0,HMDB0013129,NA,NA,None
HMDB0013130,FALSE,NA,0,1,0,HMDB0013130,NA,NA,None
HMDB0013132,FALSE,NA,0,1,0,HMDB0013132,NA,NA,None
HMDB0013161,FALSE,NA,0,1,0,HMDB0013161,NA,NA,None
HMDB0013205,TRUE,HMDB0013205,100,1,1,HMDB0013205,OneGroup,1,None
HMDB0013325,FALSE,NA,0,1,0,HMDB0013325,NA,NA,None
HMDB0013326,FALSE,NA,0,1,0,HMDB0013326,NA,NA,None
HMDB0013327,FALSE,NA,0,1,0,HMDB0013327,NA,NA,None
HMDB0013328,FALSE,NA,0,1,0,HMDB0013328,NA,NA,None
HMDB0013330,FALSE,NA,0,1,0,HMDB0013330,NA,NA,None
HMDB0013331,FALSE,NA,0,1,0,HMDB0013331,NA,NA,None
HMDB0013333,FALSE,NA,0,1,0,HMDB0013333,NA,NA,None
HMDB0013334,FALSE,NA,0,1,0,HMDB0013334,NA,NA,None
HMDB0013335,FALSE,NA,0,1,0,HMDB0013335,NA,NA,None
HMDB0013336,FALSE,NA,0,1,0,HMDB0013336,NA,NA,None
HMDB0013339,FALSE,NA,0,1,0,HMDB0013339,NA,NA,None
HMDB0013341,FALSE,NA,0,1,0,HMDB0013341,NA,NA,None
HMDB0013402,FALSE,NA,0,1,0,HMDB0013402,NA,NA,None
HMDB0013405,FALSE,NA,0,1,0,HMDB0013405,NA,NA,None
HMDB0013406,FALSE,NA,0,1,0,HMDB0013406,NA,NA,None
HMDB0013407,FALSE,NA,0,1,0,HMDB0013407,NA,NA,None
HMDB0013408,FALSE,NA,0,1,0,HMDB0013408,NA,NA,None
HMDB0013409,FALSE,NA,0,1,0,HMDB0013409,NA,NA,None
HMDB0013410,FALSE,NA,0,1,0,HMDB0013410,NA,NA,None
HMDB0013411,FALSE,NA,0,1,0,HMDB0013411,NA,NA,None
HMDB0013413,FALSE,NA,0,1,0,HMDB0013413,NA,NA,None
HMDB0013414,FALSE,NA,0,1,0,HMDB0013414,NA,NA,None
HMDB0013416,FALSE,NA,0,1,0,HMDB0013416,NA,NA,None
HMDB0013420,TRUE,HMDB0013420,100,1,1,HMDB0013420,OneGroup,1,None
HMDB0013422,FALSE,NA,0,1,0,HMDB0013422,NA,NA,None
HMDB0013423,FALSE,NA,0,1,0,HMDB0013423,NA,NA,None
HMDB0013425,FALSE,NA,0,1,0,HMDB0013425,NA,NA,None
HMDB0013426,FALSE,NA,0,1,0,HMDB0013426,NA,NA,None
HMDB0013431,FALSE,NA,0,1,0,HMDB0013431,NA,NA,None
HMDB0013433,FALSE,NA,0,1,0,HMDB0013433,NA,NA,None
HMDB0013434,FALSE,NA,0,1,0,HMDB0013434,NA,NA,None
HMDB0013437,FALSE,NA,0,1,0,HMDB0013437,NA,NA,None
HMDB0013438,FALSE,NA,0,1,0,HMDB0013438,NA,NA,None
HMDB0013442,FALSE,NA,0,1,0,HMDB0013442,NA,NA,None
HMDB0013444,FALSE,NA,0,1,0,HMDB0013444,NA,NA,None
HMDB0013445,FALSE,NA,0,1,0,HMDB0013445,NA,NA,None
HMDB0013448,FALSE,NA,0,1,0,HMDB0013448,NA,NA,None
HMDB0013449,FALSE,NA,0,1,0,HMDB0013449,NA,NA,None
HMDB0013450,FALSE,NA,0,1,0,HMDB0013450,NA,NA,None
HMDB0013451,FALSE,NA,0,1,0,HMDB0013451,NA,NA,None
HMDB0013453,FALSE,NA,0,1,0,HMDB0013453,NA,NA,None
HMDB0013456,FALSE,NA,0,1,0,HMDB0013456,NA,NA,None
HMDB0013458,FALSE,NA,0,1,0,HMDB0013458,NA,NA,None
HMDB0013461,FALSE,NA,0,1,0,HMDB0013461,NA,NA,None
HMDB0013462,FALSE,NA,0,1,0,HMDB0013462,NA,NA,None
HMDB0013463,FALSE,NA,0,1,0,HMDB0013463,NA,NA,None
HMDB0013469,FALSE,NA,0,1,0,HMDB0013469,NA,NA,None
HMDB00252,FALSE,NA,0,1,0,HMDB00252,NA,NA,None
HMDB0029205,FALSE,NA,0,1,0,HMDB0029205,NA,NA,None
HMDB0029206,FALSE,NA,0,1,0,HMDB0029206,NA,NA,None
HMDB0029220,FALSE,NA,0,1,0,HMDB0029220,NA,NA,None
HMDB0029221,FALSE,NA,0,1,0,HMDB0029221,NA,NA,None
HMDB0031654,FALSE,NA,0,1,0,HMDB0031654,NA,NA,None
HMDB0035140,FALSE,NA,0,1,0,HMDB0035140,NA,NA,None
HMDB0042069,FALSE,NA,0,1,0,HMDB0042069,NA,NA,None
HMDB0042073,FALSE,NA,0,1,0,HMDB0042073,NA,NA,None
HMDB0042074,FALSE,NA,0,1,0,HMDB0042074,NA,NA,None
HMDB0042076,FALSE,NA,0,1,0,HMDB0042076,NA,NA,None
HMDB0042078,FALSE,NA,0,1,0,HMDB0042078,NA,NA,None
HMDB0042081,FALSE,NA,0,1,0,HMDB0042081,NA,NA,None
HMDB0042082,FALSE,NA,0,1,0,HMDB0042082,NA,NA,None
HMDB0042102,FALSE,NA,0,1,0,HMDB0042102,NA,NA,None
HMDB0042130,FALSE,NA,0,1,0,HMDB0042130,NA,NA,None
HMDB0042140,FALSE,NA,0,1,0,HMDB0042140,NA,NA,None
HMDB0042142,FALSE,NA,0,1,0,HMDB0042142,NA,NA,None
HMDB0042149,FALSE,NA,0,1,0,HMDB0042149,NA,NA,None
HMDB0042163,FALSE,NA,0,1,0,HMDB0042163,NA,NA,None
HMDB0042168,FALSE,NA,0,1,0,HMDB0042168,NA,NA,None
HMDB0042172,FALSE,NA,0,1,0,HMDB0042172,NA,NA,None
HMDB0042173,FALSE,NA,0,1,0,HMDB0042173,NA,NA,None
HMDB0042177,FALSE,NA,0,1,0,HMDB0042177,NA,NA,None
HMDB0042193,FALSE,NA,0,1,0,HMDB0042193,NA,NA,None
HMDB0042207,FALSE,NA,0,1,0,HMDB0042207,NA,NA,None
HMDB0042275,FALSE,NA,0,1,0,HMDB0042275,NA,NA,None
HMDB0042280,FALSE,NA,0,1,0,HMDB0042280,NA,NA,None
HMDB0042312,FALSE,NA,0,1,0,HMDB0042312,NA,NA,None
HMDB0042347,FALSE,NA,0,1,0,HMDB0042347,NA,NA,None
HMDB0042349,FALSE,NA,0,1,0,HMDB0042349,NA,NA,None
HMDB0042350,FALSE,NA,0,1,0,HMDB0042350,NA,NA,None
HMDB0042359,FALSE,NA,0,1,0,HMDB0042359,NA,NA,None
HMDB0042377,FALSE,NA,0,1,0,HMDB0042377,NA,NA,None
HMDB0042378,FALSE,NA,0,1,0,HMDB0042378,NA,NA,None
HMDB0042403,FALSE,NA,0,1,0,HMDB0042403,NA,NA,None
HMDB0042408,FALSE,NA,0,1,0,HMDB0042408,NA,NA,None
HMDB0042413,FALSE,NA,0,1,0,HMDB0042413,NA,NA,None
HMDB0042417,FALSE,NA,0,1,0,HMDB0042417,NA,NA,None
HMDB0042419,FALSE,NA,0,1,0,HMDB0042419,NA,NA,None
HMDB0042443,FALSE,NA,0,1,0,HMDB0042443,NA,NA,None
HMDB0042449,FALSE,NA,0,1,0,HMDB0042449,NA,NA,None
HMDB0042523,FALSE,NA,0,1,0,HMDB0042523,NA,NA,None
HMDB0042530,FALSE,NA,0,1,0,HMDB0042530,NA,NA,None
HMDB0042532,FALSE,NA,0,1,0,HMDB0042532,NA,NA,None
HMDB0042545,FALSE,NA,0,1,0,HMDB0042545,NA,NA,None
HMDB0042552,FALSE,NA,0,1,0,HMDB0042552,NA,NA,None
HMDB0042553,FALSE,NA,0,1,0,HMDB0042553,NA,NA,None
HMDB0042583,FALSE,NA,0,1,0,HMDB0042583,NA,NA,None
HMDB0042588,FALSE,NA,0,1,0,HMDB0042588,NA,NA,None
HMDB0042590,FALSE,NA,0,1,0,HMDB0042590,NA,NA,None
HMDB0042592,FALSE,NA,0,1,0,HMDB0042592,NA,NA,None
HMDB0042593,FALSE,NA,0,1,0,HMDB0042593,NA,NA,None
HMDB0042597,FALSE,NA,0,1,0,HMDB0042597,NA,NA,None
HMDB0042599,FALSE,NA,0,1,0,HMDB0042599,NA,NA,None
HMDB0042613,FALSE,NA,0,1,0,HMDB0042613,NA,NA,None
HMDB0042801,FALSE,NA,0,1,0,HMDB0042801,NA,NA,None
HMDB0042809,FALSE,NA,0,1,0,HMDB0042809,NA,NA,None
HMDB0042996,FALSE,NA,0,1,0,HMDB0042996,NA,NA,None
HMDB0043003,FALSE,NA,0,1,0,HMDB0043003,NA,NA,None
HMDB0043004,FALSE,NA,0,1,0,HMDB0043004,NA,NA,None
HMDB0043013,FALSE,NA,0,1,0,HMDB0043013,NA,NA,None
HMDB0043026,FALSE,NA,0,1,0,HMDB0043026,NA,NA,None
HMDB0043028,FALSE,NA,0,1,0,HMDB0043028,NA,NA,None
HMDB0043032,FALSE,NA,0,1,0,HMDB0043032,NA,NA,None
HMDB0043055,FALSE,NA,0,1,0,HMDB0043055,NA,NA,None
HMDB0043225,FALSE,NA,0,1,0,HMDB0043225,NA,NA,None
HMDB0043232,FALSE,NA,0,1,0,HMDB0043232,NA,NA,None
HMDB0043237,FALSE,NA,0,1,0,HMDB0043237,NA,NA,None
HMDB0043326,FALSE,NA,0,1,0,HMDB0043326,NA,NA,None
HMDB0043405,FALSE,NA,0,1,0,HMDB0043405,NA,NA,None
HMDB0043406,FALSE,NA,0,1,0,HMDB0043406,NA,NA,None
HMDB0043410,FALSE,NA,0,1,0,HMDB0043410,NA,NA,None
HMDB0043413,FALSE,NA,0,1,0,HMDB0043413,NA,NA,None
HMDB0043440,FALSE,NA,0,1,0,HMDB0043440,NA,NA,None
HMDB0043907,FALSE,NA,0,1,0,HMDB0043907,NA,NA,None
HMDB0043927,FALSE,NA,0,1,0,HMDB0043927,NA,NA,None
HMDB0043939,FALSE,NA,0,1,0,HMDB0043939,NA,NA,None
HMDB0044030,FALSE,NA,0,1,0,HMDB0044030,NA,NA,None
HMDB0044073,FALSE,NA,0,1,0,HMDB0044073,NA,NA,None
HMDB0044079,FALSE,NA,0,1,0,HMDB0044079,NA,NA,None
HMDB0044135,FALSE,NA,0,1,0,HMDB0044135,NA,NA,None
HMDB0044189,FALSE,NA,0,1,0,HMDB0044189,NA,NA,None
HMDB0044263,FALSE,NA,0,1,0,HMDB0044263,NA,NA,None
HMDB0044269,FALSE,NA,0,1,0,HMDB0044269,NA,NA,None
HMDB0044287,FALSE,NA,0,1,0,HMDB0044287,NA,NA,None
HMDB0044292,FALSE,NA,0,1,0,HMDB0044292,NA,NA,None
HMDB0044297,FALSE,NA,0,1,0,HMDB0044297,NA,NA,None
HMDB0044343,FALSE,NA,0,1,0,HMDB0044343,NA,NA,None
HMDB0044726,FALSE,NA,0,1,0,HMDB0044726,NA,NA,None
HMDB0044889,FALSE,NA,0,1,0,HMDB0044889,NA,NA,None
HMDB0045896,FALSE,NA,0,1,0,HMDB0045896,NA,NA,None
HMDB0045897,FALSE,NA,0,1,0,HMDB0045897,NA,NA,None
HMDB0046658,FALSE,NA,0,1,0,HMDB0046658,NA,NA,None
HMDB0047771,FALSE,NA,0,1,0,HMDB0047771,NA,NA,None
HMDB0047772,FALSE,NA,0,1,0,HMDB0047772,NA,NA,None
HMDB0047778,FALSE,NA,0,1,0,HMDB0047778,NA,NA,None
HMDB0047910,FALSE,NA,0,1,0,HMDB0047910,NA,NA,None
HMDB0048282,FALSE,NA,0,1,0,HMDB0048282,NA,NA,None
HMDB0050761,FALSE,NA,0,1,0,HMDB0050761,NA,NA,None
HMDB0053582,FALSE,NA,0,1,0,HMDB0053582,NA,NA,None
HMDB0060056,FALSE,NA,0,1,0,HMDB0060056,NA,NA,None
HMDB0060057,FALSE,NA,0,1,0,HMDB0060057,NA,NA,None
HMDB0060059,FALSE,NA,0,1,0,HMDB0060059,NA,NA,None
HMDB0060060,FALSE,NA,0,1,0,HMDB0060060,NA,NA,None
HMDB0060061,FALSE,NA,0,1,0,HMDB0060061,NA,NA,None
HMDB0061115,FALSE,NA,0,1,0,HMDB0061115,NA,NA,None
HMDB0061691,FALSE,NA,0,1,0,HMDB0061691,NA,NA,None
HMDB0062310,FALSE,NA,0,1,0,HMDB0062310,NA,NA,None
HMDB0062311,FALSE,NA,0,1,0,HMDB0062311,NA,NA,None
HMDB0062321,FALSE,NA,0,1,0,HMDB0062321,NA,NA,None
HMDB0062324,FALSE,NA,0,1,0,HMDB0062324,NA,NA,None
HMDB0062456,FALSE,NA,0,1,0,HMDB0062456,NA,NA,None
HMDB0062458,FALSE,NA,0,1,0,HMDB0062458,NA,NA,None
HMDB0062459,FALSE,NA,0,1,0,HMDB0062459,NA,NA,None
HMDB0062461,FALSE,NA,0,1,0,HMDB0062461,NA,NA,None
HMDB0063117,FALSE,NA,0,1,0,HMDB0063117,NA,NA,None
HMDB0063278,FALSE,NA,0,1,0,HMDB0063278,NA,NA,None
HMDB0063486,FALSE,NA,0,1,0,HMDB0063486,NA,NA,None
HMDB0063700,FALSE,NA,0,1,0,HMDB0063700,NA,NA,None
HMDB0108000,FALSE,NA,0,1,0,HMDB0108000,NA,NA,None
HMDB0112382,FALSE,NA,0,1,0,HMDB0112382,NA,NA,None
HMDB0112420,FALSE,NA,0,1,0,HMDB0112420,NA,NA,None
HMDB0114795,FALSE,NA,0,1,0,HMDB0114795,NA,NA,None
HMDB0114836,FALSE,NA,0,1,0,HMDB0114836,NA,NA,None
HMDB0114856,FALSE,NA,0,1,0,HMDB0114856,NA,NA,None
HMDB0114864,FALSE,NA,0,1,0,HMDB0114864,NA,NA,None
HMDB0114878,FALSE,NA,0,1,0,HMDB0114878,NA,NA,None
HMDB0114925,FALSE,NA,0,1,0,HMDB0114925,NA,NA,None
HMDB0114926,FALSE,NA,0,1,0,HMDB0114926,NA,NA,None
HMDB0114927,FALSE,NA,0,1,0,HMDB0114927,NA,NA,None
HMDB0114928,FALSE,NA,0,1,0,HMDB0114928,NA,NA,None
HMDB0114930,FALSE,NA,0,1,0,HMDB0114930,NA,NA,None
HMDB0114931,FALSE,NA,0,1,0,HMDB0114931,NA,NA,None
HMDB0114932,FALSE,NA,0,1,0,HMDB0114932,NA,NA,None
HMDB0114937,FALSE,NA,0,1,0,HMDB0114937,NA,NA,None
HMDB0114939,FALSE,NA,0,1,0,HMDB0114939,NA,NA,None
HMDB0114954,FALSE,NA,0,1,0,HMDB0114954,NA,NA,None
HMDB0114955,FALSE,NA,0,1,0,HMDB0114955,NA,NA,None
HMDB0114958,FALSE,NA,0,1,0,HMDB0114958,NA,NA,None
HMDB0114959,FALSE,NA,0,1,0,HMDB0114959,NA,NA,None
HMDB0114964,FALSE,NA,0,1,0,HMDB0114964,NA,NA,None
HMDB0114967,FALSE,NA,0,1,0,HMDB0114967,NA,NA,None
HMDB0114982,FALSE,NA,0,1,0,HMDB0114982,NA,NA,None
HMDB0115078,FALSE,NA,0,1,0,HMDB0115078,NA,NA,None
HMDB0115493,FALSE,NA,0,1,0,HMDB0115493,NA,NA,None
HMDB0115518,FALSE,NA,0,1,0,HMDB0115518,NA,NA,None
HMDB0115519,FALSE,NA,0,1,0,HMDB0115519,NA,NA,None
HMDB0116577,FALSE,NA,0,1,0,HMDB0116577,NA,NA,None
HMDB0116588,FALSE,NA,0,1,0,HMDB0116588,NA,NA,None
HMDB0116589,FALSE,NA,0,1,0,HMDB0116589,NA,NA,None
HMDB0116605,FALSE,NA,0,1,0,HMDB0116605,NA,NA,None
HMDB0240251,FALSE,NA,0,1,0,HMDB0240251,NA,NA,None
HMDB0240261,FALSE,NA,0,1,0,HMDB0240261,NA,NA,None
HMDB0240599,FALSE,NA,0,1,0,HMDB0240599,NA,NA,None
HMDB04954,FALSE,NA,0,1,0,HMDB04954,NA,NA,None
HMDB07849,FALSE,NA,0,1,0,HMDB07849,NA,NA,None
HMDB07852,FALSE,NA,0,1,0,HMDB07852,NA,NA,None
HMDB07855,FALSE,NA,0,1,0,HMDB07855,NA,NA,None
